,PLAYER,TEAM,AGE,GP,W,L,MIN,PTS,FGM,FGA,FG%,3PM,3PA,3P%,FTM,FTA,FT%,OREB,DREB,REB,AST,TOV,STL,BLK,PF,DD2,TD3,+/-,PC1,PC2,db_label
0,Stephen Curry,GSW,28,79,71,8,34.2,30.1,10.2,20.2,50.4,5.1,11.2,45.4,4.6,5.1,90.8,0.9,4.6,5.4,6.7,3.3,2.1,0.2,2.0,15,2,12.9,-27.6560742702,4.62801040598,0
1,James Harden,HOU,26,82,41,41,38.1,29.0,8.7,19.7,43.9,2.9,8.0,35.9,8.8,10.2,86.0,0.8,5.3,6.1,7.5,4.6,1.7,0.6,2.8,23,3,1.5,-18.4623345262,0.0985802407919,0
2,Kevin Durant,OKC,27,72,52,20,35.8,28.2,9.7,19.2,50.5,2.6,6.7,38.7,6.2,6.9,89.8,0.6,7.6,8.2,5.0,3.5,1.0,1.2,1.9,27,1,9.0,-22.732277209,-0.597912697976,1
3,DeMarcus Cousins,SAC,25,65,29,36,34.6,26.9,9.2,20.5,45.1,1.1,3.2,33.3,7.3,10.2,71.8,2.4,9.1,11.5,3.3,3.8,1.6,1.4,3.6,47,1,0.6,-4.83525610776,5.35132951293,2
4,LeBron James,CLE,31,76,56,20,35.6,25.3,9.7,18.6,52.0,1.1,3.7,30.9,4.7,6.5,73.1,1.5,6.0,7.4,6.8,3.3,1.4,0.6,1.9,28,3,8.1,-4.34181187334,1.86127298868,2
5,Damian Lillard,POR,25,75,40,35,35.7,25.1,8.2,19.7,41.9,3.1,8.1,37.5,5.5,6.2,89.2,0.6,3.4,4.0,6.8,3.2,0.9,0.4,2.2,15,0,1.3,-21.9821347594,-0.0284558110871,3
6,Anthony Davis,NOP,23,61,24,37,35.5,24.3,9.2,18.6,49.3,0.6,1.8,32.4,5.3,7.0,75.8,2.1,8.1,10.3,1.9,2.0,1.3,2.0,2.4,36,0,-3.3,-6.89786713931,1.82879249241,4
7,Russell Westbrook,OKC,27,80,55,25,34.4,23.5,8.2,18.1,45.4,1.3,4.3,29.6,5.8,7.2,81.2,1.8,6.0,7.8,10.4,4.3,2.0,0.3,2.5,54,18,7.9,-10.8997492524,-2.7828925077,5
8,DeMar DeRozan,TOR,26,78,53,25,35.9,23.5,7.9,17.7,44.6,0.6,1.8,33.8,7.1,8.4,85.0,0.8,3.7,4.5,4.0,2.2,1.0,0.3,2.1,3,0,2.2,-15.7770292438,-1.41735126973,6
9,Paul George,IND,26,81,44,37,34.8,23.1,7.5,17.9,41.8,2.6,7.0,37.1,5.6,6.5,86.0,1.0,6.0,7.0,4.1,3.3,1.9,0.4,2.8,15,0,2.2,-18.8533263088,1.27798064452,0
10,Isaiah Thomas,BOS,27,82,48,34,32.2,22.2,7.2,16.9,42.8,2.0,5.7,35.9,5.8,6.6,87.1,0.6,2.4,3.0,6.2,2.7,1.1,0.1,2.0,7,0,3.6,-18.9829097096,-0.446527356789,3
11,Klay Thompson,GSW,26,80,71,9,33.3,22.1,8.1,17.3,47.0,3.5,8.1,42.5,2.4,2.8,87.3,0.4,3.4,3.8,2.1,1.7,0.8,0.6,1.9,0,0,10.5,-22.6475515343,4.41843275724,7
12,Carmelo Anthony,NYK,32,72,32,40,35.1,21.8,7.9,18.2,43.4,1.5,4.3,33.9,4.6,5.6,82.9,1.4,6.4,7.7,4.2,2.4,0.9,0.5,2.5,22,0,-0.6,-14.2121491444,0.0540842282393,5
13,Blake Griffin,LAC,27,35,22,13,33.4,21.4,8.6,17.2,49.9,0.2,0.5,33.3,4.0,5.5,72.7,1.5,6.9,8.4,4.9,2.4,0.8,0.5,2.7,13,0,5.2,-4.94090372605,4.17838991006,4
14,Kyle Lowry,TOR,30,77,54,23,37.0,21.2,6.6,15.6,42.7,2.8,7.1,38.8,5.2,6.4,81.1,0.7,4.0,4.7,6.4,2.9,2.1,0.4,2.7,12,1,4.9,-15.5776023947,5.2541251142,8
15,Kawhi Leonard,SAS,25,72,60,12,33.1,21.2,7.7,15.1,50.6,1.8,4.0,44.3,4.1,4.6,87.4,1.3,5.5,6.8,2.6,1.5,1.8,1.0,1.8,12,0,9.1,-23.0602938671,5.17252929876,5
16,Jimmy Butler,CHI,26,67,37,30,36.9,20.9,7.0,15.4,45.4,1.0,3.1,31.2,5.9,7.1,83.2,1.2,4.2,5.3,4.8,2.0,1.6,0.6,1.9,10,2,-0.2,-12.5990223975,-2.66963213566,5
17,Kemba Walker,CHA,26,81,47,34,35.6,20.9,7.0,16.4,42.7,2.2,6.0,37.1,4.6,5.4,84.7,0.7,3.7,4.4,5.2,2.1,1.6,0.5,1.4,3,0,3.0,-17.5360258496,1.85929996828,0
18,CJ McCollum,POR,24,80,44,36,34.7,20.8,8.0,17.9,44.8,2.5,5.9,41.7,2.3,2.8,82.7,0.6,2.7,3.2,4.3,2.5,1.2,0.3,2.3,2,0,1.9,-18.2469837192,6.54325818273,3
19,Andrew Wiggins,MIN,21,81,29,52,35.1,20.7,7.3,16.0,45.9,0.7,2.3,30.0,5.3,7.0,76.1,1.3,2.3,3.6,2.0,2.2,1.0,0.6,2.0,1,0,-0.8,-5.90591724375,0.152555063313,9
20,Brook Lopez,BKN,28,73,21,52,33.7,20.6,8.1,15.8,51.1,0.0,0.2,14.3,4.3,5.5,78.7,2.8,5.1,7.8,2.0,2.4,0.8,1.7,2.9,26,0,-1.7,0.892400042731,-15.000615058,10
21,Eric Bledsoe,PHX,26,31,12,19,34.2,20.4,7.2,15.9,45.3,1.5,4.2,37.2,4.5,5.5,80.2,0.6,3.5,4.0,6.1,3.5,2.0,0.6,2.4,3,0,-1.6,-13.4373978007,4.03026539182,0
22,John Wall,WAS,25,77,37,40,36.2,19.9,7.4,17.5,42.4,1.5,4.3,35.1,3.5,4.5,79.1,0.5,4.4,4.9,10.2,4.1,1.9,0.8,2.1,49,4,1.3,-11.9569280547,3.33664947366,0
23,Gordon Hayward,UTA,26,80,38,42,36.2,19.7,6.5,15.0,43.3,1.8,5.1,34.9,4.9,6.0,82.4,0.8,4.2,5.0,3.7,2.5,1.2,0.3,2.3,4,0,1.2,-14.1259339882,1.14722518819,0
24,Kyrie Irving,CLE,24,53,37,16,31.5,19.6,7.4,16.6,44.8,1.6,4.9,32.1,3.2,3.6,88.5,0.8,2.1,3.0,4.7,2.3,1.1,0.3,2.0,1,0,3.9,-17.8085541249,-4.62316880256,3
25,Brandon Knight,PHX,24,52,16,36,36.0,19.6,7.1,17.2,41.5,2.3,6.8,34.2,3.0,3.5,85.2,0.7,3.2,3.9,5.1,3.4,1.2,0.4,2.4,4,1,-4.0,-16.3132538315,-0.582573511395,3
26,Danilo Gallinari,DEN,27,53,22,31,34.7,19.5,5.4,13.2,41.0,1.6,4.5,36.4,7.1,8.2,86.8,1.0,4.3,5.3,2.5,1.5,0.8,0.4,1.6,3,0,-1.9,-18.4027313317,0.174044073736,6
27,Chris Paul,LAC,31,74,50,24,32.7,19.5,7.0,15.1,46.2,1.6,4.4,37.1,4.0,4.4,89.6,0.5,3.7,4.2,10.0,2.6,2.1,0.2,2.5,38,0,7.5,-21.4960490131,-1.3001854328,3
28,Chris Bosh,MIA,32,53,29,24,33.5,19.1,6.8,14.5,46.7,1.5,4.2,36.5,4.0,5.1,79.5,0.9,6.5,7.4,2.4,1.5,0.7,0.6,1.9,15,0,0.6,-12.19298465,3.55520241719,11
29,Dwyane Wade,MIA,34,74,43,31,30.5,19.0,7.3,16.0,45.6,0.1,0.6,15.9,4.4,5.5,79.3,1.1,3.0,4.1,4.6,2.7,1.1,0.6,1.6,2,0,-0.1,-0.997542201157,-13.2252875618,12
30,Reggie Jackson,DET,26,79,43,36,30.7,18.8,6.8,15.7,43.4,1.5,4.2,35.3,3.7,4.3,86.4,0.7,2.5,3.2,6.2,2.8,0.7,0.1,2.4,9,0,1.6,-17.7377335264,-0.687803435901,3
31,Karl-Anthony Towns,MIN,20,82,29,53,32.0,18.3,7.6,14.1,54.2,0.4,1.1,34.1,2.7,3.4,81.1,2.8,7.7,10.5,2.0,2.2,0.7,1.7,3.0,52,0,-1.6,-11.4465439954,-0.387639802595,4
32,Dirk Nowitzki,DAL,38,75,38,37,31.5,18.3,6.6,14.8,44.8,1.7,4.6,36.8,3.3,3.7,89.3,0.7,5.8,6.5,1.8,1.1,0.7,0.7,2.1,10,0,3.4,-20.7149476363,-1.30115955731,6
33,Nikola Vucevic,ORL,25,65,28,37,31.3,18.2,8.2,16.1,51.0,0.0,0.1,22.2,1.7,2.3,75.3,2.7,6.2,8.9,2.8,1.9,0.8,1.1,2.7,29,0,-0.7,-0.577031069966,-6.57354045349,10
34,Khris Middleton,MIL,24,79,33,46,36.1,18.2,6.4,14.5,44.4,1.8,4.6,39.6,3.5,3.9,88.8,0.6,3.3,3.8,4.2,2.3,1.7,0.2,2.6,1,0,-0.4,-21.7595803787,1.38901271148,3
35,LaMarcus Aldridge,SAS,30,74,61,13,30.6,18.0,7.2,14.1,51.3,0.0,0.2,0.0,3.5,4.1,85.8,2.4,6.2,8.5,1.5,1.3,0.5,1.1,2.0,26,0,6.9,2.60838869703,-30.7682167959,13
36,Kobe Bryant,LAL,37,66,13,53,28.2,17.6,6.0,16.9,35.8,2.0,7.1,28.5,3.5,4.3,82.6,0.6,3.1,3.7,2.8,2.0,0.9,0.2,1.7,2,0,-8.7,-11.1732636763,-3.15298477071,3
37,Jahlil Okafor,PHI,20,53,6,47,30.0,17.5,7.5,14.7,50.8,0.0,0.1,16.7,2.5,3.7,68.6,2.3,4.7,7.0,1.2,2.3,0.4,1.2,2.6,11,0,-9.4,8.41336030902,-7.43609316146,14
38,Bradley Beal,WAS,23,55,28,27,31.1,17.4,6.5,14.5,44.9,1.9,4.9,38.7,2.5,3.2,76.7,0.7,2.7,3.4,2.9,2.0,1.0,0.2,2.1,0,0,-0.4,-11.1321267034,7.22838478387,3
39,Rudy Gay,SAC,29,70,29,41,34.0,17.2,6.7,14.4,46.3,1.1,3.1,34.4,2.8,3.6,78.0,1.5,5.0,6.5,1.7,2.0,1.4,0.7,2.6,7,0,-1.2,-9.65551320462,2.68001214994,2
40,Paul Millsap,ATL,31,81,48,33,32.7,17.1,6.2,13.2,47.0,0.9,2.9,31.9,3.8,5.0,75.7,2.4,6.6,9.0,3.3,2.4,1.8,1.7,2.9,32,0,2.7,-6.44519589315,1.7230798946,2
41,Ryan Anderson,NOP,28,66,24,42,30.4,17.0,6.0,14.1,42.7,2.0,5.4,36.6,3.0,3.5,87.3,2.0,4.0,6.0,1.1,1.4,0.6,0.4,1.7,8,0,0.5,-18.9001153237,-0.0848299554721,6
42,Giannis Antetokounmpo,MIL,21,80,32,48,35.3,16.9,6.4,12.7,50.6,0.4,1.4,25.7,3.7,5.1,72.4,1.4,6.2,7.7,4.3,2.6,1.2,1.4,3.2,21,5,-2.1,0.111017481201,-2.06848733406,15
43,Jrue Holiday,NOP,26,65,27,38,28.2,16.8,6.3,14.4,43.9,1.3,4.0,33.6,2.8,3.3,84.3,0.4,2.6,3.0,6.0,2.6,1.4,0.3,2.3,5,0,0.4,-14.8502216539,-1.02305404105,3
44,Marc Gasol,MEM,31,52,30,22,34.4,16.6,6.3,13.6,46.4,0.0,0.1,66.7,3.9,4.7,82.9,1.1,5.8,7.0,3.8,2.3,1.0,1.3,2.7,9,1,0.2,-31.032095925,26.5177319333,2
45,Pau Gasol,CHI,35,72,36,36,31.8,16.5,6.5,13.8,46.9,0.3,1.0,34.8,3.2,4.0,79.2,2.2,8.9,11.0,4.1,2.3,0.6,2.0,2.1,46,2,0.0,-10.8035267419,2.15033890387,4
46,Derrick Favors,UTA,24,62,30,32,32.0,16.4,6.7,13.1,51.5,0.0,0.1,0.0,2.9,4.1,70.9,2.7,5.4,8.1,1.5,1.7,1.2,1.5,2.4,19,0,1.6,15.2954655243,-22.6294109576,16
47,Derrick Rose,CHI,27,66,32,34,31.8,16.4,6.8,15.9,42.7,0.7,2.3,29.3,2.2,2.7,79.3,0.7,2.7,3.4,4.7,2.7,0.7,0.2,1.3,1,0,-2.5,-8.34600438189,-1.70873530993,3
48,JJ Redick,LAC,32,75,50,25,28.0,16.3,5.6,11.7,48.0,2.7,5.6,47.5,2.4,2.7,88.8,0.1,1.7,1.9,1.4,1.0,0.6,0.1,1.8,0,0,6.8,-25.6910951331,7.4200883482,17
49,Andre Drummond,DET,22,81,43,38,32.9,16.2,6.8,13.1,52.1,0.0,0.1,33.3,2.6,7.2,35.5,4.9,9.9,14.8,0.8,1.9,1.5,1.4,3.0,66,0,1.6,26.784681153,24.0894992408,16
50,Kevin Love,CLE,27,77,53,24,31.5,16.0,5.3,12.7,41.9,2.1,5.7,36.0,3.4,4.1,82.2,1.9,8.0,9.9,2.4,1.8,0.8,0.5,2.1,35,0,5.6,-14.5316464144,2.25514513094,18
51,Victor Oladipo,ORL,24,72,32,40,33.0,16.0,5.9,13.5,43.8,1.4,3.9,34.8,2.8,3.4,83.0,0.7,4.1,4.8,3.9,2.1,1.6,0.8,2.4,3,1,-0.3,-14.2400481458,0.630218816159,1
52,Jeff Teague,ATL,28,79,47,32,28.5,15.7,5.5,12.5,43.9,1.4,3.5,40.1,3.3,3.9,83.7,0.4,2.3,2.7,5.9,2.8,1.2,0.3,2.1,4,0,0.8,-17.665144847,4.60949949008,3
53,Jordan Clarkson,LAL,24,79,17,62,32.3,15.5,6.0,13.9,43.3,1.4,4.1,34.7,2.1,2.6,80.4,1.2,2.8,4.0,2.4,1.7,1.1,0.1,2.1,1,0,-7.9,-11.7576218279,2.06813891402,3
54,Evan Fournier,ORL,23,79,33,46,32.5,15.4,5.4,11.8,46.2,2.0,4.9,40.0,2.5,3.0,83.6,0.4,2.4,2.8,2.7,1.7,1.2,0.0,2.7,0,0,-2.4,-17.1517495999,4.30556500355,3
55,Lou Williams,LAL,29,67,14,53,28.5,15.3,4.2,10.3,40.8,1.6,4.8,34.4,5.3,6.3,83.0,0.5,2.1,2.5,2.5,1.6,0.9,0.3,1.6,0,0,-6.0,-13.7341878202,0.636274304787,3
56,Greg Monroe,MIL,26,79,32,47,29.3,15.3,6.2,11.9,52.2,0.0,0.0,0.0,2.9,3.9,74.0,2.8,6.1,8.8,2.3,1.6,0.9,0.8,2.1,32,0,-1.4,12.959096391,-24.4401192608,19
57,Mike Conley,MEM,28,56,33,23,31.4,15.3,5.3,12.4,42.2,1.4,3.8,36.3,3.4,4.1,83.4,0.5,2.5,2.9,6.1,1.5,1.2,0.3,1.8,4,0,1.1,-15.4827699278,1.85787942161,3
58,Zach Randolph,MEM,34,68,37,31,29.7,15.3,6.3,13.3,47.5,0.1,0.4,23.1,2.5,3.2,79.6,2.6,5.1,7.8,2.1,1.5,0.6,0.2,2.1,17,1,-0.2,-4.60049059126,-7.79342023863,20
59,Eric Gordon,NOP,27,45,14,31,32.9,15.2,5.1,12.3,41.8,2.5,6.5,38.4,2.5,2.8,88.8,0.2,2.0,2.2,2.7,1.6,1.0,0.3,2.2,0,0,-1.6,-21.0340354535,0.757279264869,21
60,Al Horford,ATL,30,82,48,34,32.1,15.2,6.5,12.8,50.5,1.1,3.1,34.4,1.3,1.6,79.8,1.8,5.5,7.3,3.2,1.3,0.8,1.5,2.0,17,0,2.8,-10.880773333,1.13709974349,9
61,Avery Bradley,BOS,25,76,45,31,33.4,15.2,6.0,13.4,44.7,1.9,5.4,36.1,1.3,1.6,78.0,0.6,2.3,2.9,2.1,1.4,1.5,0.3,2.2,0,0,2.8,-10.7979297227,4.39739625159,3
62,Tyreke Evans,NOP,26,25,11,14,30.6,15.2,5.4,12.6,43.3,1.3,3.4,38.8,3.0,3.7,79.6,0.8,4.4,5.2,6.6,2.9,1.3,0.3,2.6,6,0,-0.6,-13.579599183,5.84381861796,0
63,Thaddeus Young,BKN,28,73,21,52,33.0,15.1,6.8,13.2,51.4,0.1,0.4,23.3,1.4,2.2,64.4,2.4,6.6,9.0,1.9,1.9,1.5,0.5,2.5,28,0,-3.2,8.2841288619,0.213220987095,10
64,Nicolas Batum,CHA,27,70,41,29,35.0,14.9,5.3,12.5,42.6,2.0,5.7,34.8,2.3,2.7,84.9,0.8,5.3,6.1,5.8,2.9,0.9,0.6,1.6,11,2,3.0,-16.0706107824,-0.22036629333,0
65,Tobias Harris,DET,23,76,37,39,33.1,14.7,5.5,11.7,46.9,1.1,3.1,33.5,2.7,3.2,83.1,1.3,5.4,6.7,2.2,1.4,0.9,0.5,2.0,12,0,0.3,-13.172993865,-0.990650107854,9
66,Rodney Hood,UTA,23,79,39,40,32.2,14.5,5.2,12.3,42.0,2.0,5.7,35.9,2.2,2.5,86.0,0.5,2.9,3.4,2.7,1.6,0.9,0.2,2.6,0,0,1.7,-17.4181326288,0.163658871262,3
67,Kentavious Caldwell-Pope,DET,23,76,41,35,36.7,14.5,5.3,12.6,42.0,1.5,4.9,30.9,2.4,3.0,81.1,0.9,2.8,3.7,1.8,1.4,1.4,0.2,2.2,1,0,2.3,-10.6336378192,-1.30874275335,3
68,Will Barton,DEN,25,82,33,49,28.7,14.4,5.2,12.0,43.2,1.4,4.0,34.5,2.6,3.3,80.6,0.7,5.1,5.8,2.5,1.7,0.9,0.5,1.8,6,0,-1.6,-11.8879736554,1.72492710216,6
69,Kristaps Porzingis,NYK,20,72,28,44,28.4,14.3,5.2,12.3,42.1,1.1,3.4,33.3,2.8,3.3,83.8,1.8,5.5,7.3,1.3,1.7,0.7,1.9,2.8,21,0,0.2,-13.9751980556,-0.932871149285,9
70,Hassan Whiteside,MIA,27,73,42,31,29.1,14.2,5.7,9.3,60.6,0.0,0.0,0.0,2.9,4.5,65.0,3.3,8.6,11.8,0.4,1.9,0.6,3.7,2.8,41,3,1.2,21.1633304889,-20.698106035,14
71,Jae Crowder,BOS,25,73,43,30,31.6,14.2,4.9,11.1,44.3,1.7,5.0,33.6,2.7,3.3,82.0,1.0,4.2,5.1,1.8,1.1,1.7,0.5,2.7,5,0,2.9,-12.5889568859,0.0852446514595,11
72,Jamal Crawford,LAC,36,79,51,28,26.9,14.2,4.8,11.9,40.4,1.5,4.4,34.0,3.1,3.4,90.4,0.3,1.6,1.8,2.3,1.4,0.7,0.2,1.5,0,0,2.1,-20.050071817,-3.66250294734,22
73,Goran Dragic,MIA,30,72,44,28,32.8,14.1,5.8,12.2,47.7,0.9,2.8,31.2,1.7,2.3,72.7,0.8,3.1,3.8,5.8,2.6,1.0,0.2,2.6,5,0,2.8,-3.46489993231,2.78620885099,6
74,Marcus Morris,DET,26,80,42,38,35.7,14.1,5.1,11.8,43.4,1.4,3.7,36.2,2.5,3.4,74.9,1.1,3.9,5.1,2.5,1.8,0.8,0.3,2.1,4,0,2.0,-8.13395578474,6.21908063669,6
75,Deron Williams,DAL,32,65,31,34,32.4,14.1,4.9,11.9,41.4,1.5,4.3,34.4,2.8,3.2,86.9,0.3,2.6,2.9,5.8,2.3,0.9,0.2,2.4,4,0,0.0,-17.3451143385,-1.51599477205,23
76,Jabari Parker,MIL,21,76,32,44,31.7,14.1,5.8,11.8,49.3,0.1,0.5,25.7,2.3,3.0,76.8,1.6,3.6,5.2,1.7,1.5,0.9,0.4,2.0,6,0,-2.5,-3.32907167724,-4.33889960189,14
77,Zach LaVine,MIN,21,82,29,53,28.0,14.0,5.3,11.7,45.2,1.5,3.9,38.9,2.0,2.5,79.3,0.3,2.5,2.8,3.1,1.9,0.8,0.2,2.4,0,0,-3.6,-12.9466240916,5.85622985084,3
78,Darren Collison,SAC,28,74,29,45,30.0,14.0,5.1,10.5,48.6,1.2,2.9,40.1,2.6,3.1,85.8,0.4,1.9,2.3,4.3,1.8,1.0,0.1,1.9,4,0,-0.9,-18.7609099169,2.80038304425,3
79,Draymond Green,GSW,26,81,73,8,34.7,14.0,5.0,10.1,49.0,1.2,3.2,38.8,2.8,4.1,69.6,1.7,7.8,9.5,7.4,3.2,1.5,1.4,3.0,33,13,13.2,-5.19566253038,10.4790227244,2
80,Monta Ellis,IND,30,81,44,37,33.8,13.8,5.4,12.6,42.7,1.1,3.5,30.9,2.0,2.5,78.6,0.5,2.8,3.3,4.7,2.5,1.9,0.5,2.1,1,0,1.3,-8.50914211522,-0.0345692758657,6
81,Devin Booker,PHX,19,76,20,56,27.7,13.8,4.8,11.4,42.3,1.3,3.8,34.3,2.8,3.4,84.0,0.4,2.1,2.5,2.6,2.1,0.6,0.3,3.0,3,0,-4.9,-14.4709332374,-0.169152770062,3
82,Dwight Howard,HOU,30,71,34,37,32.1,13.7,5.2,8.5,62.0,0.0,0.1,0.0,3.3,6.7,48.9,3.4,8.4,11.8,1.4,2.3,1.0,1.6,3.1,38,0,0.2,34.6575334968,-12.0518004023,16
83,Chandler Parsons,DAL,27,61,29,32,29.5,13.7,5.2,10.7,49.2,1.7,4.1,41.4,1.5,2.2,68.4,0.5,4.2,4.7,2.8,1.6,0.8,0.3,1.9,3,0,-0.1,-5.0133940512,13.3510536524,6
84,Marcin Gortat,WAS,32,75,35,40,30.1,13.5,5.8,10.2,56.7,0.0,0.0,0.0,1.9,2.8,70.5,3.0,6.9,9.9,1.4,1.6,0.6,1.3,2.6,41,0,0.8,16.2782043794,-23.1424558485,14
85,Alec Burks,UTA,24,31,13,18,25.7,13.3,4.4,10.8,41.0,1.0,2.5,40.5,3.4,4.5,75.2,0.5,3.0,3.5,2.0,1.6,0.6,0.1,2.3,0,0,-0.4,-10.6035800762,9.85308359893,3
86,D'Angelo Russell,LAL,20,80,17,63,28.2,13.2,4.9,12.0,41.0,1.6,4.6,35.1,1.8,2.4,73.7,0.6,2.8,3.4,3.3,2.5,1.2,0.2,1.8,1,0,-6.8,-6.46825522143,6.35611719477,3
87,Dahntay Jones,CLE,35,1,0,1,42.4,13.0,6.0,14.0,42.9,1.0,2.0,50.0,0.0,0.0,0.0,1.0,4.0,5.0,2.0,0.0,1.0,2.0,6.0,0,0,-1.0,46.7629363979,58.7761117237,24
88,Jarrett Jack,BKN,32,32,10,22,32.1,12.8,4.4,11.2,39.1,1.0,3.2,30.4,3.1,3.5,89.3,0.3,4.0,4.3,7.4,2.9,1.1,0.2,2.4,6,0,-4.1,-17.1344106044,-5.88964145807,3
89,Emmanuel Mudiay,DEN,20,68,29,39,30.4,12.8,4.8,13.3,36.4,1.1,3.4,31.9,2.1,3.1,67.0,0.5,2.9,3.4,5.5,3.2,1.0,0.5,2.1,4,0,-1.7,0.214901834594,7.96600613273,6
90,Robert Covington,PHI,25,67,10,57,28.4,12.8,4.1,10.6,38.5,2.5,7.2,35.3,2.1,2.6,79.1,1.0,5.3,6.3,1.4,2.1,1.6,0.6,3.5,7,0,-4.2,-11.2627557821,3.87471804294,6
91,Arron Afflalo,NYK,30,71,27,44,33.4,12.8,5.0,11.3,44.3,1.3,3.4,38.2,1.5,1.8,84.0,0.3,3.4,3.7,2.0,1.2,0.4,0.1,2.0,1,0,-2.1,-16.4680542888,2.77261070677,25
92,Jonas Valanciunas,TOR,24,60,40,20,25.9,12.8,5.1,8.9,56.5,0.0,0.0,0.0,2.7,3.6,76.1,3.1,6.1,9.1,0.7,1.4,0.4,1.3,2.6,22,0,2.4,11.6975579524,-26.2256015381,14
93,Michael Beasley,HOU,27,20,10,10,18.1,12.8,5.4,10.3,52.2,0.2,0.5,33.3,1.9,2.5,77.6,1.5,3.5,4.9,0.8,1.2,0.6,0.5,2.0,1,0,-3.4,-7.69274572368,1.09313795125,26
94,DeAndre Jordan,LAC,27,77,51,26,33.7,12.7,4.6,6.6,70.3,0.0,0.0,0.0,3.5,8.0,43.0,3.5,10.3,13.8,1.2,1.4,0.7,2.3,2.7,49,0,5.7,40.0547503924,-9.95845534585,14
95,Michael Kidd-Gilchrist,CHA,22,7,5,2,29.2,12.7,4.7,8.7,54.1,0.4,1.0,42.9,2.9,4.1,69.0,1.7,4.7,6.4,1.3,1.1,0.4,0.4,1.3,2,0,8.3,-5.92582368272,13.4323322917,14
96,Enes Kanter,OKC,24,82,55,27,21.0,12.7,5.0,8.8,57.6,0.1,0.3,47.6,2.4,3.1,79.7,3.0,5.1,8.1,0.4,1.4,0.3,0.4,2.0,25,0,1.5,-16.8230503252,10.9684809873,27
97,Trevor Ariza,HOU,31,81,40,41,35.3,12.7,4.4,10.6,41.6,2.3,6.2,37.1,1.6,2.0,78.3,0.8,3.7,4.5,2.3,1.4,2.0,0.3,2.2,1,0,0.5,-11.4939008107,5.40367576245,3
98,Ish Smith,PHI,27,77,16,61,29.1,12.6,5.2,12.6,41.1,0.7,2.2,32.9,1.6,2.3,69.3,0.6,3.4,4.0,6.5,2.3,1.1,0.3,1.7,12,0,-4.5,-1.7324079823,6.89567127907,6
99,Serge Ibaka,OKC,26,78,54,24,32.1,12.6,5.3,11.1,47.9,0.8,2.4,32.6,1.2,1.6,75.2,1.8,5.0,6.8,0.8,1.4,0.5,1.9,2.7,9,0,6.8,-6.102716179,2.42066865446,14
100,Wesley Matthews,DAL,29,78,40,38,33.9,12.5,4.2,10.9,38.8,2.4,6.7,36.0,1.6,1.9,86.3,0.3,2.7,3.1,1.9,1.0,1.0,0.2,2.3,0,0,1.3,-17.7794613922,0.493690018645,21
101,Kenneth Faried,DEN,26,67,26,41,25.3,12.5,5.2,9.3,55.8,0.0,0.0,50.0,2.0,3.3,61.3,3.5,5.2,8.7,1.2,1.4,0.5,0.9,2.5,21,0,-1.6,-2.87501651452,23.2742310711,14
102,JR Smith,CLE,30,77,53,24,30.7,12.4,4.6,11.0,41.5,2.6,6.6,40.0,0.6,0.9,63.4,0.6,2.3,2.8,1.7,0.8,1.1,0.3,2.6,1,0,4.0,-0.7956854769,16.0190070029,3
103,Luol Deng,MIA,31,74,45,29,32.4,12.3,4.6,10.1,45.5,1.2,3.5,34.4,2.0,2.6,75.5,1.5,4.5,6.0,1.9,1.1,1.0,0.4,1.6,13,0,0.4,-7.26527045308,4.08960721258,28
104,Gary Harris,DEN,21,76,31,45,32.1,12.3,4.7,10.1,46.9,1.4,3.9,35.4,1.4,1.8,82.0,0.7,2.2,2.9,1.9,1.3,1.3,0.2,1.9,0,0,-2.8,-13.0162699673,1.23279032361,3
105,Joe Johnson,MIA,35,81,31,50,33.4,12.2,4.7,10.6,43.9,1.5,3.9,38.3,1.5,1.8,83.1,0.6,3.0,3.6,3.9,2.0,0.8,0.0,1.8,3,0,-0.7,-15.8751849616,3.4193581726,3
106,Mirza Teletovic,PHX,30,79,23,56,21.3,12.2,4.2,9.8,42.7,2.3,5.8,39.3,1.5,2.0,77.4,0.7,3.1,3.8,1.1,1.1,0.4,0.3,2.0,2,0,-2.1,-11.6194986544,7.53830500261,29
107,George Hill,IND,30,74,41,33,34.1,12.1,4.4,10.0,44.1,1.7,4.2,40.8,1.5,2.0,76.0,0.8,3.2,4.0,3.5,1.4,1.1,0.2,2.0,0,0,1.3,-11.3175591109,9.3368674396,3
108,Al Jefferson,CHA,31,47,33,14,23.3,12.0,5.2,10.7,48.5,0.0,0.0,0.0,1.5,2.4,64.9,1.2,5.2,6.4,1.5,0.7,0.6,0.9,2.5,7,0,1.0,20.3853709705,-18.9756172983,14
109,Markieff Morris,WAS,26,64,22,42,25.5,12.0,4.8,11.2,42.5,0.7,2.4,30.3,1.7,2.3,73.5,1.1,4.4,5.5,1.9,2.1,0.9,0.5,2.9,2,0,-1.4,-3.57198368566,2.18059105532,9
110,Rajon Rondo,SAC,30,72,29,43,35.2,11.9,4.9,10.9,45.4,0.9,2.4,36.5,1.2,2.1,58.0,1.1,5.0,6.0,11.7,3.9,2.0,0.1,2.4,37,6,-2.1,5.85731017525,15.5182134397,6
111,Tony Parker,SAS,34,72,59,13,27.5,11.9,4.9,9.9,49.3,0.4,0.9,41.5,1.8,2.4,76.0,0.2,2.2,2.4,5.3,1.8,0.8,0.2,1.6,3,0,5.7,-11.4147918599,9.16900136424,3
112,Omri Casspi,SAC,28,69,27,42,27.3,11.8,4.3,9.0,48.1,1.6,4.0,40.9,1.5,2.3,64.8,0.8,5.1,5.9,1.4,1.4,0.8,0.2,2.2,6,0,0.1,-1.61501480744,14.9871445065,30
113,Nikola Mirotic,CHI,25,66,37,29,24.9,11.8,3.8,9.2,40.7,2.0,5.2,39.0,2.2,2.7,80.7,0.9,4.6,5.5,1.5,1.5,0.9,0.7,2.3,5,0,0.6,-14.3689943248,5.6757768347,6
114,CJ Miles,IND,29,64,34,30,22.9,11.8,4.0,9.9,40.9,2.2,6.0,36.7,1.5,1.9,75.0,0.4,2.3,2.7,1.0,1.1,0.8,0.5,2.2,0,0,0.0,-8.42106773153,6.95557584517,29
115,Jeff Green,LAC,29,80,48,32,28.2,11.7,4.4,10.3,43.0,0.8,2.7,31.5,2.1,2.8,74.5,0.9,3.2,4.2,1.7,1.2,0.7,0.5,2.1,1,0,-0.5,-4.96329058628,2.55704029765,28
116,Harrison Barnes,GSW,24,66,59,7,30.9,11.7,4.5,9.6,46.6,1.2,3.2,38.3,1.5,2.0,76.1,1.2,3.8,4.9,1.8,0.9,0.6,0.2,2.1,1,0,6.9,-9.94147966899,6.82460321339,28
117,Jeremy Lin,CHA,27,78,47,31,26.3,11.7,3.8,9.3,41.2,1.0,2.9,33.6,3.1,3.7,81.5,0.5,2.7,3.2,3.0,1.9,0.7,0.5,2.1,1,0,1.1,-12.0622777326,0.674298769666,3
118,Marvin Williams,CHA,30,81,47,34,28.9,11.7,4.2,9.2,45.2,1.9,4.7,40.2,1.5,1.8,83.3,1.6,4.9,6.4,1.4,0.8,0.7,1.0,1.6,10,0,3.1,-16.9280584801,4.64357366695,28
119,Kent Bazemore,ATL,26,75,44,31,27.8,11.6,4.3,9.7,44.1,1.5,4.1,35.7,1.6,2.0,81.5,0.4,4.7,5.1,2.3,1.8,1.3,0.5,2.3,1,0,1.0,-13.0796321552,2.0774038572,6
120,Otto Porter Jr.,WAS,23,75,36,39,30.3,11.6,4.5,9.6,47.3,1.3,3.6,36.7,1.3,1.7,75.4,1.3,3.9,5.2,1.6,0.9,1.4,0.4,2.2,5,0,0.6,-8.24843470426,5.82264172108,28
121,Michael Carter-Williams,MIL,24,54,21,33,30.5,11.5,4.6,10.3,45.2,0.3,1.0,27.3,2.0,3.0,66.3,0.9,4.2,5.1,5.2,2.8,1.5,0.8,3.0,6,0,-2.4,4.25935296637,3.278626382,31
122,Jordan Hamilton,NOP,25,11,4,7,27.6,11.4,4.5,10.5,42.2,1.2,4.1,28.9,1.3,1.9,66.7,1.1,4.5,5.6,2.3,1.5,0.7,0.3,2.2,1,0,-5.8,2.95021066405,4.84746131231,28
123,Julius Randle,LAL,21,81,17,64,28.2,11.3,4.4,10.3,42.9,0.1,0.4,27.8,2.4,3.3,71.5,2.1,8.1,10.2,1.8,1.8,0.7,0.4,3.0,34,1,-8.4,-0.127357746438,1.02849032576,14
124,Bojan Bogdanovic,BKN,27,79,21,58,26.8,11.2,4.1,9.5,43.3,1.6,4.3,38.2,1.4,1.7,83.3,0.5,2.8,3.2,1.3,1.5,0.4,0.1,1.5,1,0,-4.9,-15.6983556408,3.27777283175,25
125,Nerlens Noel,PHI,22,67,10,57,29.3,11.1,4.6,8.8,52.1,0.0,0.0,50.0,2.0,3.4,59.0,2.3,5.8,8.1,1.8,2.4,1.8,1.5,2.9,16,0,-6.9,-1.01193443503,25.014708253,10
126,Sean Kilpatrick,BKN,26,31,7,24,19.9,11.1,4.0,8.7,45.6,1.3,3.7,34.2,1.9,2.2,89.6,0.4,1.4,1.8,0.9,1.0,0.4,0.1,1.2,0,0,-4.7,-18.5208573373,-3.79885488755,25
127,DeMarre Carroll,TOR,29,26,16,10,30.2,11.0,4.0,10.4,38.9,1.8,4.5,39.0,1.2,1.9,60.0,1.2,3.5,4.7,1.0,1.1,1.7,0.2,2.4,0,0,1.7,2.65384671722,17.2786765845,3
128,Dennis Schroder,ATL,22,80,47,33,20.3,11.0,4.1,9.8,42.1,1.0,3.0,32.2,1.8,2.3,79.1,0.3,2.2,2.6,4.4,2.3,0.9,0.1,1.7,2,0,2.8,-9.39821636143,0.768702444041,22
129,Isaiah Canaan,PHI,25,77,10,67,25.5,11.0,3.4,9.4,36.0,2.3,6.3,36.3,1.9,2.3,83.3,0.3,2.0,2.3,1.8,1.2,0.7,0.2,1.7,0,0,-6.3,-15.1881101258,2.71070828983,17
130,TJ Warren,PHX,22,47,14,33,22.8,11.0,4.7,9.4,50.1,0.6,1.5,40.0,1.0,1.4,70.3,1.2,1.9,3.1,0.9,0.7,0.8,0.3,2.0,1,0,-2.4,-5.33433761182,10.9390764524,32
131,J.J. Barea,DAL,32,74,38,36,22.5,10.9,4.3,9.6,44.6,1.4,3.5,38.5,1.0,1.3,77.1,0.4,1.7,2.1,4.1,1.5,0.4,0.0,1.5,2,0,-1.0,-10.8065808005,6.77536173316,25
132,Elfrid Payton,ORL,22,73,32,41,29.4,10.7,4.4,10.0,43.6,0.4,1.3,32.6,1.5,2.6,58.9,1.1,2.5,3.6,6.4,2.4,1.2,0.3,2.2,14,1,-0.9,7.40646949808,11.9489733035,28
133,Trey Burke,UTA,23,64,31,33,21.3,10.6,4.1,9.9,41.3,1.4,4.0,34.4,1.0,1.3,81.7,0.3,1.5,1.8,2.3,1.3,0.5,0.1,1.3,0,0,0.0,-12.6534360868,1.29428454102,17
134,Norris Cole,NOP,27,45,20,25,26.6,10.6,4.4,10.8,40.5,0.7,2.3,32.4,1.2,1.4,80.0,0.2,3.1,3.4,3.7,1.7,0.8,0.1,2.3,2,0,-2.3,-10.1940444512,0.641197687596,22
135,Evan Turner,BOS,27,81,47,34,28.0,10.5,4.2,9.3,45.6,0.2,1.0,24.1,1.8,2.2,82.7,0.6,4.3,4.9,4.4,2.1,1.0,0.3,1.7,4,0,1.2,-7.6127358908,-8.43366566876,28
136,Shabazz Muhammad,MIN,23,82,29,53,20.5,10.5,3.9,8.3,46.5,0.5,1.9,28.9,2.3,3.0,76.4,1.2,2.0,3.3,0.6,0.9,0.3,0.1,1.1,0,0,-3.3,-4.54999583329,-1.13943852803,33
137,Jerryd Bayless,MIL,27,52,21,31,28.9,10.4,3.6,8.4,42.3,1.9,4.4,43.7,1.3,1.7,77.8,0.4,2.3,2.7,3.1,1.4,0.9,0.2,2.1,1,0,-3.6,-14.1517952599,10.9633195223,22
138,Ersan Ilyasova,ORL,29,74,35,39,25.4,10.4,3.8,8.9,42.4,1.3,3.5,37.1,1.5,2.1,72.1,1.9,3.5,5.4,0.9,1.0,0.7,0.4,2.3,4,0,-1.8,-5.83629917083,8.55489215585,24
139,Myles Turner,IND,20,60,32,28,22.8,10.3,4.4,8.8,49.8,0.1,0.2,21.4,1.5,2.0,72.7,1.1,4.4,5.5,0.7,1.1,0.4,1.4,2.6,4,0,-1.2,2.73504328794,-5.7870484408,34
140,Jared Sullinger,BOS,24,81,47,34,23.6,10.3,4.3,10.0,43.5,0.4,1.3,28.2,1.3,2.0,64.0,2.4,5.9,8.3,2.3,1.3,0.9,0.6,2.6,25,0,2.6,5.5575209829,5.4410766162,14
141,Mario Chalmers,MIA,30,61,38,23,22.5,10.3,3.0,7.3,41.0,0.8,2.4,30.9,3.6,4.3,83.2,0.4,2.2,2.6,3.8,1.8,1.4,0.2,3.0,0,0,1.3,-11.8613559077,-2.50692625082,3
142,Allen Crabbe,POR,24,81,43,38,26.0,10.3,3.8,8.4,45.9,1.4,3.5,39.3,1.2,1.4,86.7,0.3,2.3,2.7,1.2,0.8,0.8,0.2,2.4,0,0,0.5,-18.9835295181,1.94432588822,25
143,Robin Lopez,NYK,28,82,32,50,27.1,10.3,4.4,8.1,53.9,0.0,0.0,0.0,1.6,2.0,79.5,3.3,4.1,7.3,1.4,1.6,0.2,1.6,2.2,15,0,-1.2,8.93354236787,-27.7345193977,14
144,Marco Belinelli,SAC,30,68,27,41,24.6,10.2,3.6,9.3,38.6,1.3,4.4,30.6,1.7,2.0,83.3,0.1,1.6,1.7,1.9,1.2,0.5,0.0,1.3,0,0,-2.8,-11.9686792082,-2.38108234363,17
145,Al-Farouq Aminu,POR,25,82,44,38,28.5,10.2,3.6,8.8,41.6,1.5,4.3,36.1,1.4,1.9,73.7,1.2,4.9,6.1,1.7,1.5,0.9,0.6,2.1,8,0,0.7,-6.84223160939,6.97403419904,6
146,Gorgui Dieng,MIN,26,82,29,53,27.1,10.1,3.8,7.1,53.2,0.1,0.2,30.0,2.5,3.0,82.7,1.9,5.2,7.1,1.7,1.7,1.1,1.2,2.7,15,0,-0.1,-9.93990832804,-4.6583263522,14
147,Ricky Rubio,MIN,25,76,28,48,30.6,10.1,2.9,7.7,37.4,0.8,2.5,32.6,3.5,4.1,84.7,0.5,3.8,4.3,8.7,2.5,2.1,0.1,2.6,14,0,0.2,-14.4281202011,-1.42688151987,3
148,Matt Barnes,MEM,36,76,38,38,28.8,10.0,3.5,9.1,38.1,1.6,4.9,32.2,1.5,1.8,80.4,1.1,4.4,5.5,2.1,1.6,1.0,0.8,3.1,7,1,-2.8,-10.4741301909,0.564868186162,30
149,Kelly Olynyk,BOS,25,69,40,29,20.2,10.0,3.7,8.1,45.5,1.2,3.0,40.5,1.4,1.9,75.0,1.0,3.0,4.1,1.5,1.1,0.8,0.5,2.4,1,0,3.2,-9.98415937991,9.35876706507,28
150,Nikola Jokic,DEN,21,80,31,49,21.7,10.0,3.8,7.5,51.2,0.4,1.1,33.3,1.9,2.4,81.1,2.3,4.7,7.0,2.4,1.3,1.0,0.6,2.6,16,0,1.2,-10.6420998548,-0.752220318413,31
151,Ramon Sessions,WAS,30,82,41,41,20.3,9.9,3.4,7.2,47.3,0.4,1.4,32.4,2.6,3.5,75.6,0.3,2.2,2.5,2.9,1.4,0.6,0.1,1.2,3,0,-0.7,-5.78195685657,2.06814771083,29
152,Terrence Ross,TOR,25,73,53,20,23.9,9.9,3.7,8.6,43.1,1.8,4.6,38.8,0.7,0.8,79.0,0.3,2.2,2.5,0.8,0.6,0.7,0.3,1.6,1,0,3.4,-12.6337109348,6.14847906946,25
153,Patrick Beverley,HOU,27,71,35,36,28.7,9.9,3.6,8.4,43.4,1.7,4.4,40.0,0.8,1.2,68.2,1.0,2.5,3.5,3.4,1.3,1.3,0.4,3.3,1,0,1.9,-4.29831417021,13.0281487278,3
154,Hollis Thompson,PHI,25,77,10,67,28.0,9.8,3.5,8.8,39.7,1.9,5.1,38.0,0.9,1.2,71.9,0.7,2.8,3.5,1.3,1.0,0.5,0.3,2.4,0,0,-4.8,-6.29361032912,9.83602484978,29
155,Dion Waiters,OKC,24,78,53,25,27.6,9.8,3.6,9.1,39.9,1.1,3.1,35.8,1.4,2.0,71.3,0.5,2.1,2.6,2.0,1.5,1.0,0.2,1.8,0,0,2.7,-4.82617393086,8.26604474802,3
156,Carl Landry,PHI,32,36,5,31,15.8,9.8,3.9,6.9,55.6,0.2,0.4,46.2,1.9,2.5,73.6,1.4,2.7,4.1,0.9,0.6,0.3,0.3,1.9,0,0,-3.1,-10.7783065893,13.4379726388,35
157,Gary Neal,WAS,31,40,18,22,20.2,9.8,3.8,8.1,46.5,1.0,2.5,41.0,1.2,1.4,85.5,0.3,1.8,2.1,1.2,0.7,0.5,0.0,1.4,0,0,-4.1,-18.6176209993,3.90308826974,36
158,Jerami Grant,PHI,22,77,9,68,26.8,9.7,3.3,7.8,41.9,0.5,1.9,24.0,2.8,4.2,65.8,1.3,3.4,4.7,1.8,1.4,0.7,1.6,2.8,3,0,-6.4,6.7075120081,1.18620469462,14
159,Marcus Thornton,WAS,29,61,32,29,18.2,9.7,3.5,8.9,39.9,1.5,4.4,33.7,1.1,1.3,84.8,0.6,1.8,2.5,1.4,0.8,0.8,0.1,1.5,0,0,0.7,-14.8548626564,-0.829312241334,25
160,Courtney Lee,CHA,30,79,49,30,29.6,9.6,3.7,8.1,45.4,1.0,2.7,37.8,1.3,1.5,83.9,0.4,2.2,2.6,1.7,0.9,1.1,0.4,1.7,0,0,1.9,-15.8747460123,2.27535347803,3
161,Manu Ginobili,SAS,38,58,47,11,19.6,9.6,3.4,7.5,45.3,1.2,3.1,39.1,1.6,1.9,81.3,0.4,2.1,2.5,3.1,1.7,1.1,0.2,1.7,0,0,5.7,-14.5779766924,4.79304772757,3
162,Raymond Felton,DAL,32,80,40,40,27.4,9.5,3.5,8.5,40.6,0.8,2.7,28.2,1.9,2.2,84.7,0.5,2.8,3.2,3.6,1.5,0.9,0.2,1.8,3,1,-0.8,-11.689883851,-5.46175185516,3
163,Doug McDermott,CHI,24,81,41,40,23.0,9.4,3.6,8.0,45.2,1.4,3.2,42.5,0.9,1.0,85.7,0.5,2.0,2.4,0.7,0.7,0.2,0.1,1.6,0,0,-0.8,-19.7877890164,5.20460158242,37
164,Kevin Martin,SAS,33,55,24,31,19.9,9.3,2.8,7.6,37.2,0.9,2.5,36.0,2.8,3.1,89.0,0.3,1.7,2.0,1.1,1.0,0.5,0.1,1.5,0,0,-2.2,-19.449825769,-0.993861886994,17
165,Derrick Williams,NYK,25,80,32,48,17.9,9.3,3.2,7.1,45.0,0.6,1.9,29.3,2.4,3.2,75.8,0.6,3.1,3.7,0.9,0.8,0.4,0.1,0.9,4,0,-2.6,-4.29398245151,-0.320826269511,33
166,Ian Mahinmi,IND,29,71,41,30,25.6,9.3,3.7,6.3,58.9,0.0,0.0,0.0,1.9,3.2,58.7,1.9,5.2,7.1,1.5,1.4,0.9,1.1,3.1,9,0,1.6,26.5590061525,-17.0004234642,14
167,Kyle Korver,ATL,35,80,46,34,30.0,9.2,3.4,7.7,43.4,2.0,5.0,39.8,0.6,0.7,83.3,0.2,3.1,3.3,2.1,1.2,0.8,0.4,2.0,0,0,5.3,-16.7859303272,4.57133186357,25
168,Aaron Gordon,ORL,20,78,32,46,23.9,9.2,3.5,7.4,47.3,0.5,1.8,29.6,1.7,2.5,66.8,2.0,4.5,6.5,1.6,0.8,0.8,0.7,2.0,12,0,-1.0,3.08259440596,4.55386470679,14
169,Nene,WAS,33,57,28,29,19.2,9.2,3.7,6.7,54.4,0.0,0.1,0.0,1.9,3.2,57.8,0.9,3.6,4.5,1.7,1.3,0.9,0.5,2.7,1,0,0.6,27.016793794,-15.8896298119,14
170,Jordan Farmar,MEM,29,12,2,10,24.3,9.2,3.5,8.3,42.0,1.3,3.8,35.6,0.8,0.8,100.0,0.3,1.8,2.1,3.1,1.5,1.3,0.2,1.8,0,0,-5.3,-28.1512804361,-7.86522678729,38
171,Marcus Smart,BOS,22,61,36,25,27.3,9.1,3.0,8.7,34.8,1.0,4.0,25.3,2.1,2.7,77.7,1.2,2.9,4.2,3.0,1.3,1.5,0.3,3.0,2,1,1.4,-4.80978665614,-3.25331347004,6
172,Mason Plumlee,POR,26,82,44,38,25.4,9.1,3.3,6.3,51.6,0.0,0.0,0.0,2.6,4.1,64.2,2.5,5.2,7.7,2.8,1.9,0.8,1.0,3.1,15,0,0.4,21.5239614056,-19.0937715461,16
173,Rudy Gobert,UTA,24,61,33,28,31.7,9.1,3.2,5.8,55.9,0.0,0.0,0.0,2.6,4.6,56.9,3.4,7.5,11.0,1.5,1.9,0.7,2.2,2.7,20,0,2.5,27.8637051663,-15.7057989103,14
174,Alex Len,PHX,23,78,23,55,23.3,9.0,3.4,8.0,42.3,0.0,0.1,14.3,2.2,3.1,72.8,2.3,5.3,7.6,1.2,1.9,0.5,0.8,2.9,19,0,-3.7,6.14403761176,-10.7921192827,14
175,Gerald Green,MIA,30,69,40,29,22.6,8.9,3.3,8.5,39.2,1.2,3.8,32.3,1.0,1.3,78.3,0.4,2.0,2.4,0.8,0.7,0.6,0.3,1.8,0,0,0.7,-8.64996697417,1.63483964593,29
176,Rodney Stuckey,IND,30,58,33,25,22.0,8.9,3.2,7.6,41.3,0.3,1.4,24.1,2.3,2.7,82.9,0.3,2.4,2.7,2.4,1.3,0.7,0.1,1.3,0,0,0.2,-7.78826528774,-8.01805249934,39
177,Archie Goodwin,PHX,21,57,14,43,19.5,8.9,3.1,7.4,41.7,0.4,1.7,23.2,2.3,3.4,67.4,0.5,2.0,2.5,2.1,1.8,0.5,0.2,1.5,1,0,-3.7,5.74580807763,-0.304691592303,29
178,Austin Rivers,LAC,23,67,42,25,21.8,8.9,3.4,7.7,43.8,0.9,2.8,33.5,1.2,1.7,68.1,0.3,1.6,1.9,1.5,0.9,0.7,0.1,2.0,0,0,-2.4,-0.328974764624,7.60316966943,29
179,Jordan Hill,IND,28,73,40,33,20.7,8.8,3.8,7.5,50.6,0.0,0.0,0.0,1.2,1.7,71.2,2.1,4.0,6.2,1.2,1.3,0.5,0.5,2.1,9,0,0.7,15.6213431917,-22.7562591581,40
180,Jeremy Lamb,CHA,24,66,40,26,18.6,8.8,3.5,7.7,45.1,0.8,2.7,30.9,1.0,1.3,72.7,0.7,3.2,3.8,1.2,0.8,0.6,0.5,1.6,1,0,2.3,-2.81916787413,2.73517449171,24
181,Cody Zeller,CHA,23,73,42,31,24.3,8.7,3.2,6.0,52.9,0.0,0.1,10.0,2.4,3.2,75.4,1.9,4.3,6.2,1.0,0.9,0.8,0.9,2.8,5,0,2.2,6.95106334955,-17.1474335796,14
182,Luis Scola,TOR,36,76,50,26,21.5,8.7,3.5,7.9,45.0,0.9,2.1,40.4,0.8,1.1,72.6,1.1,3.6,4.8,0.9,0.9,0.6,0.4,2.3,3,0,-0.3,-7.74389461283,10.6218139124,41
183,Tyler Johnson,MIA,24,36,19,17,24.0,8.7,3.3,6.8,48.6,0.8,2.0,38.0,1.4,1.8,79.7,0.8,2.3,3.0,2.2,1.3,0.7,0.4,1.8,0,0,0.3,-12.0985955737,4.28614449969,29
184,Toney Douglas,NOP,30,61,22,39,20.7,8.7,3.0,7.3,41.1,1.3,3.3,39.9,1.4,1.6,84.8,0.4,1.9,2.3,2.6,1.0,1.1,0.1,2.1,1,0,-2.3,-17.8570925337,4.08053376352,17
185,Terrence Jones,HOU,24,50,24,26,20.9,8.7,3.3,7.3,45.2,0.5,1.6,31.6,1.5,2.3,66.4,1.2,3.0,4.2,0.8,1.0,0.5,0.8,1.7,0,0,-4.8,2.39323193837,6.70505432924,42
186,Gerald Henderson,POR,28,72,39,33,19.9,8.7,3.2,7.3,43.9,0.7,1.9,35.3,1.6,2.0,76.7,0.4,2.5,2.9,1.0,0.9,0.5,0.3,1.2,0,0,0.3,-8.44371992188,4.29593862423,43
187,Shelvin Mack,UTA,26,52,27,25,20.3,8.6,3.5,8.0,43.9,0.8,2.4,31.2,0.9,1.2,73.8,0.3,2.2,2.5,3.6,1.8,0.7,0.1,1.4,3,0,1.9,-4.05594544933,2.56895265399,25
188,Taj Gibson,CHI,31,73,37,36,26.5,8.6,3.6,6.8,52.6,0.0,0.0,0.0,1.4,2.0,69.2,2.8,4.1,6.9,1.5,1.1,0.6,1.1,2.5,7,0,-2.1,17.5671392849,-21.9344018506,44
189,Tim Duncan,SAS,40,61,50,11,25.2,8.6,3.5,7.2,48.8,0.0,0.0,0.0,1.5,2.1,70.2,1.9,5.4,7.3,2.7,1.5,0.8,1.3,2.0,11,0,7.0,16.0840057034,-22.0017189068,14
190,Zaza Pachulia,DAL,32,76,40,36,26.4,8.6,2.9,6.2,46.6,0.0,0.0,0.0,2.8,3.6,76.8,3.3,6.2,9.4,1.7,1.6,0.8,0.3,2.4,26,0,0.0,10.8111535567,-25.395881214,14
191,Patty Mills,SAS,27,81,66,15,20.5,8.5,3.2,7.6,42.5,1.5,4.0,38.4,0.6,0.7,81.0,0.3,1.6,2.0,2.8,0.9,0.7,0.1,1.3,0,0,4.7,-14.099770425,4.78147318653,45
192,Jon Leuer,PHX,27,67,22,45,18.7,8.5,3.3,7.0,48.1,0.6,1.6,38.2,1.1,1.5,76.2,1.1,4.4,5.6,1.1,1.1,0.6,0.4,1.9,10,0,-1.0,-9.24719118859,6.39357267431,24
193,Cory Joseph,TOR,24,80,54,26,25.6,8.5,3.2,7.3,43.9,0.4,1.4,27.3,1.7,2.2,76.4,0.5,2.1,2.6,3.1,1.3,0.8,0.3,1.6,0,0,3.4,-4.04135628186,-2.14043345345,28
194,Nik Stauskas,PHI,22,73,8,65,24.8,8.5,2.9,7.5,38.5,1.5,4.5,32.6,1.2,1.6,77.1,0.3,2.2,2.5,1.9,1.3,0.6,0.3,1.6,0,0,-5.5,-7.63227539248,2.64635815982,25
195,Meyers Leonard,POR,24,61,33,28,21.8,8.4,3.2,7.1,44.8,1.4,3.7,37.7,0.6,0.8,76.1,0.8,4.3,5.1,1.5,1.3,0.1,0.3,3.0,4,0,1.6,-9.31003317366,6.53321471588,29
196,Tony Wroten,NYK,23,8,0,8,18.0,8.4,2.8,8.1,33.8,0.4,2.1,17.6,2.5,4.6,54.1,0.3,2.4,2.6,2.5,3.6,0.4,0.0,1.4,0,0,-8.5,19.3558393435,3.39727597599,29
197,Tony Allen,MEM,34,64,34,30,25.3,8.4,3.4,7.3,45.8,0.2,0.7,35.7,1.4,2.2,65.2,1.6,3.0,4.6,1.1,1.2,1.7,0.3,2.7,1,0,-1.4,1.13131555407,10.6430889326,14
198,Lance Stephenson,MEM,25,69,36,33,19.9,8.3,3.3,6.9,48.1,0.4,1.1,38.5,1.3,1.6,78.4,0.6,2.7,3.2,1.9,1.4,0.6,0.1,2.0,1,0,-0.9,-11.2317764184,5.44793301539,29
199,Mo Williams,CLE,33,41,27,14,18.2,8.2,3.2,7.4,43.7,0.9,2.5,35.3,0.9,1.0,90.5,0.1,1.6,1.8,2.4,1.4,0.3,0.1,1.5,0,0,-1.2,-19.9499740432,-3.19069736278,36
200,Jusuf Nurkic,DEN,21,32,14,18,17.1,8.2,3.2,7.6,41.7,0.0,0.1,0.0,1.9,3.1,61.6,2.0,3.4,5.5,1.3,1.7,0.8,1.4,2.8,4,0,-0.2,23.0488132885,-16.3626786952,14
201,Lance Thomas,NYK,28,59,25,34,22.3,8.2,2.9,6.5,44.2,0.7,1.8,40.4,1.7,2.0,85.7,0.6,1.6,2.2,0.9,1.0,0.4,0.1,1.8,0,0,-0.7,-18.5293700477,3.5180239099,29
202,Stanley Johnson,DET,20,73,37,36,23.1,8.1,3.1,8.2,37.5,0.9,2.8,30.7,1.1,1.4,78.4,0.8,3.4,4.2,1.6,1.6,0.8,0.2,2.4,3,0,-1.9,-7.8499280315,0.427610082122,29
203,PJ Tucker,PHX,31,82,23,59,31.0,8.0,2.9,7.1,41.1,0.8,2.5,33.0,1.3,1.7,74.6,2.0,4.2,6.2,2.2,1.4,1.3,0.2,2.5,7,0,-4.3,-5.52329997595,3.90776598218,28
204,Steven Adams,OKC,22,80,54,26,25.2,8.0,3.3,5.3,61.3,0.0,0.0,0.0,1.4,2.5,58.2,2.7,3.9,6.7,0.8,1.1,0.5,1.1,2.8,6,0,6.0,27.1211523449,-17.0535834541,46
205,Joffrey Lauvergne,DEN,24,59,24,35,17.6,7.9,3.3,6.4,51.3,0.2,0.9,24.5,1.1,1.2,89.9,1.3,3.6,4.9,0.9,0.9,0.2,0.3,1.9,5,0,-3.7,-12.8509864666,-12.8584107273,35
206,Jared Dudley,WAS,30,81,40,41,25.9,7.9,2.9,6.0,47.8,1.2,2.9,42.0,0.9,1.2,73.5,0.7,2.9,3.5,2.1,1.0,0.9,0.2,2.3,0,0,0.8,-9.12536093732,11.1023095975,29
207,Tristan Thompson,CLE,25,82,57,25,27.7,7.8,3.0,5.1,58.8,0.0,0.0,0.0,1.8,3.0,61.6,3.3,5.7,9.0,0.8,0.7,0.5,0.6,2.5,23,0,4.4,24.2044119717,-18.632217095,46
208,O.J. Mayo,MIL,28,41,17,24,26.6,7.8,2.9,7.8,37.1,1.3,4.0,32.1,0.8,1.0,77.5,0.3,2.2,2.6,2.9,1.8,1.2,0.2,3.1,0,0,-1.4,-7.95942890183,2.19288618961,22
209,Ben McLemore,SAC,23,68,28,40,21.2,7.8,2.9,6.7,42.9,1.0,2.7,36.2,1.1,1.5,71.8,0.5,1.7,2.2,1.2,1.5,0.8,0.1,2.1,0,0,0.3,-4.90227081331,7.88311885466,29
210,David Lee,DAL,33,55,27,28,16.4,7.8,3.2,6.1,53.1,0.0,0.0,0.0,1.3,1.7,76.3,1.8,3.7,5.5,1.5,1.2,0.4,0.5,2.1,4,0,-1.5,11.7355201538,-25.8882529779,47
211,Wayne Ellington,BKN,28,76,18,58,21.3,7.7,2.9,7.4,38.9,1.3,3.5,35.8,0.7,0.8,85.7,0.3,2.0,2.3,1.1,0.6,0.6,0.1,1.1,0,0,-4.2,-16.4166225255,0.485159389331,48
212,Jameer Nelson,DEN,34,39,12,27,26.6,7.7,2.9,7.9,36.8,1.1,3.7,29.9,0.8,0.9,85.7,0.5,2.5,2.9,4.9,1.7,0.6,0.1,2.6,0,0,-3.4,-13.5930102596,-4.07610020334,17
213,Langston Galloway,NYK,24,82,32,50,24.8,7.6,2.8,7.2,39.3,0.9,2.7,34.4,1.0,1.4,75.4,0.5,3.0,3.5,2.5,0.7,0.9,0.3,2.2,1,0,-1.3,-7.17657981965,4.8895717334,29
214,Devin Harris,DAL,33,64,35,29,20.0,7.6,2.6,5.8,44.7,0.8,2.5,32.9,1.6,2.2,72.1,0.3,1.9,2.2,1.8,1.0,0.9,0.2,1.9,0,0,-1.4,-3.13657124524,4.74337824221,29
215,Jose Calderon,NYK,34,72,29,43,28.1,7.6,2.9,6.3,45.9,1.2,2.8,41.4,0.6,0.7,87.5,0.3,2.9,3.2,4.1,1.2,0.9,0.1,1.9,1,0,-1.0,-20.5824979737,3.20052345292,17
216,D.J. Augustin,DEN,28,62,35,27,19.0,7.5,2.4,5.6,42.3,1.1,2.7,40.5,1.7,2.1,80.5,0.1,1.4,1.5,3.2,1.4,0.6,0.1,1.4,2,0,-0.5,-14.4299792966,6.73245626076,17
217,Darrell Arthur,DEN,28,70,26,44,21.7,7.5,3.2,7.0,45.2,0.6,1.7,38.5,0.6,0.8,75.5,1.2,3.0,4.2,1.4,0.9,0.8,0.7,2.6,2,0,-0.7,-9.00452510428,7.41821615963,24
218,E'Twaun Moore,CHI,27,59,29,30,21.4,7.5,3.2,6.6,48.1,0.8,1.8,45.2,0.4,0.6,62.9,0.3,1.9,2.3,1.7,0.9,0.6,0.3,1.7,0,0,-0.6,-1.93859438837,19.5149645914,29
219,Matthew Dellavedova,CLE,25,76,54,22,24.6,7.5,2.7,6.7,40.5,1.3,3.1,41.0,0.8,0.9,86.4,0.4,1.7,2.1,4.4,1.5,0.6,0.1,2.3,1,0,5.0,-20.0516571075,4.17936902985,17
220,Frank Kaminsky,CHA,23,81,47,34,21.1,7.5,2.7,6.5,41.0,0.8,2.5,33.7,1.3,1.8,73.0,0.9,3.3,4.1,1.2,0.7,0.5,0.5,1.6,1,0,-0.2,-4.62055303732,5.36458573187,49
221,JaMychal Green,MEM,26,78,39,39,18.5,7.4,2.9,6.3,46.5,0.2,0.6,33.3,1.3,1.8,75.2,1.8,3.0,4.8,0.9,1.1,0.6,0.4,2.4,7,0,-0.6,-5.75093847462,3.05696677899,42
222,Jodie Meeks,DET,28,3,3,0,14.5,7.3,2.3,6.7,35.0,1.3,3.0,44.4,1.3,1.3,100.0,0.3,1.3,1.7,1.0,0.3,0.0,0.0,0.7,0,0,3.0,-33.3287071235,0.190089673496,50
223,Amir Johnson,BOS,29,79,45,34,22.8,7.3,3.2,5.4,58.5,0.1,0.5,23.3,0.9,1.5,57.0,2.3,4.1,6.4,1.7,1.2,0.7,1.1,2.7,8,0,1.7,15.4908917178,3.23229539652,14
224,Garrett Temple,WAS,30,80,40,40,24.4,7.3,2.5,6.3,39.8,1.1,3.2,34.5,1.1,1.6,72.8,0.5,2.2,2.7,1.8,0.8,0.9,0.2,2.4,0,0,-0.5,-4.98329116686,6.33246761368,29
225,Nick Young,LAL,31,54,13,41,19.1,7.3,2.3,6.9,33.9,1.4,4.4,32.5,1.2,1.4,82.9,0.3,1.5,1.8,0.6,0.6,0.4,0.1,0.9,0,0,-3.7,-12.6228651623,-0.0556254540722,37
226,Shane Larkin,BKN,23,78,20,58,22.4,7.3,2.8,6.4,44.2,0.5,1.4,36.1,1.1,1.4,77.6,0.4,1.9,2.3,4.4,1.9,1.2,0.2,1.6,0,0,-4.4,-9.44189504959,4.44217150708,51
227,Danny Green,SAS,29,79,65,14,26.1,7.2,2.7,7.1,37.6,1.5,4.4,33.2,0.4,0.6,73.9,0.6,3.2,3.8,1.8,0.9,1.0,0.8,1.8,0,0,6.4,-5.7003424937,4.97443959588,29
228,James Ennis III,NOP,25,22,11,11,14.9,7.2,2.5,5.1,47.8,1.2,2.6,44.8,1.1,1.5,73.5,1.0,1.0,1.9,1.0,0.9,0.7,0.2,1.3,0,0,-2.0,-10.3853796159,13.3928797515,29
229,Corey Brewer,HOU,30,82,41,41,20.4,7.2,2.6,6.7,38.4,0.7,2.7,27.2,1.3,1.7,75.0,0.5,1.9,2.4,1.3,1.0,1.0,0.2,2.0,0,0,-1.1,-2.94364825223,-0.730011188932,29
230,Jason Smith,ORL,30,76,33,43,15.5,7.2,3.2,6.6,48.5,0.1,0.2,25.0,0.7,0.9,80.6,0.7,2.2,2.9,0.8,0.8,0.4,0.9,2.1,1,0,-0.5,-5.63844598931,-6.99061350742,35
231,Brandon Bass,LAL,31,66,16,50,20.3,7.2,2.6,4.8,54.9,0.0,0.0,0.0,1.9,2.2,84.5,1.6,2.7,4.3,1.1,0.6,0.5,0.8,1.9,0,0,-0.3,5.12769100277,-30.6400435103,47
232,Mike Dunleavy,CHI,35,31,13,18,22.7,7.2,2.5,6.1,41.0,1.3,3.2,39.4,0.9,1.2,78.4,0.3,2.4,2.7,1.3,0.8,0.5,0.3,2.1,0,0,-2.1,-12.1081283022,7.14685448763,29
233,Tyson Chandler,PHX,33,66,18,48,24.5,7.2,2.8,4.8,58.3,0.0,0.0,0.0,1.6,2.6,62.0,2.7,6.1,8.7,1.0,1.4,0.5,0.7,2.2,20,0,-6.0,24.2155810335,-18.7724265911,46
234,Aaron Brooks,CHI,31,69,36,33,16.1,7.1,2.7,6.8,40.1,1.0,2.7,35.7,0.7,0.9,76.6,0.3,1.2,1.5,2.6,1.2,0.4,0.1,1.9,0,0,-0.1,-8.81798275153,5.21904056732,37
235,Marreese Speights,GSW,28,72,64,8,11.6,7.1,2.7,6.3,43.2,0.3,0.9,38.7,1.3,1.6,82.5,1.1,2.3,3.3,0.8,0.9,0.3,0.5,1.6,1,0,0.1,-14.9619410029,3.94978761263,49
236,David West,SAS,35,78,63,15,18.0,7.1,3.1,5.7,54.5,0.0,0.1,42.9,0.8,1.0,78.8,0.9,3.0,4.0,1.8,0.9,0.6,0.7,1.8,1,0,4.2,-13.5306066279,7.97807820266,52
237,Clint Capela,HOU,22,77,39,38,19.1,7.0,3.0,5.2,58.2,0.0,0.0,0.0,1.0,2.7,37.9,2.5,3.9,6.4,0.6,0.8,0.8,1.2,2.5,10,0,1.3,43.9871374817,-5.51964883785,46
238,Bobby Portis,CHI,21,62,29,33,17.8,7.0,3.0,7.0,42.7,0.3,0.8,30.8,0.8,1.1,72.7,2.0,3.5,5.4,0.8,0.9,0.4,0.4,1.6,6,0,-2.9,-2.53768155051,2.86851555783,35
239,Andre Iguodala,GSW,32,65,59,6,26.6,7.0,2.7,5.7,47.8,0.8,2.4,35.1,0.8,1.3,61.4,0.8,3.2,4.0,3.4,1.2,1.1,0.3,1.6,1,0,7.0,4.44260029306,12.0214206907,28
240,Willie Cauley-Stein,SAC,22,66,26,40,21.4,7.0,2.9,5.1,56.3,0.0,0.0,0.0,1.2,1.9,64.8,2.0,3.3,5.3,0.6,0.7,0.7,1.0,2.2,3,0,-1.2,21.6151381538,-20.0151689279,46
241,John Henson,MIL,25,57,22,35,16.8,7.0,2.9,5.1,56.4,0.0,0.0,0.0,1.2,2.1,59.0,1.5,2.4,3.9,0.9,1.1,0.3,1.9,2.3,3,0,-2.6,26.4819813786,-16.8338077957,53
242,Luke Babbitt,NOP,27,47,16,31,18.0,7.0,2.6,6.1,42.2,0.9,2.3,40.4,0.8,1.1,78.0,0.5,2.6,3.1,1.1,0.5,0.2,0.1,1.9,1,0,-0.6,-12.2323097331,8.00268910247,37
243,Festus Ezeli,GSW,26,46,42,4,16.7,7.0,2.7,5.0,54.8,0.0,0.0,0.0,1.5,2.9,53.0,2.0,3.6,5.6,0.7,0.8,0.4,1.1,2.0,6,0,4.8,31.1138438057,-13.375552038,54
244,Donald Sloan,BKN,28,61,13,48,21.6,7.0,2.5,5.7,44.0,0.6,1.6,38.4,1.3,1.7,75.0,0.3,2.6,2.8,4.4,1.3,0.5,0.1,1.2,3,0,-2.0,-8.55766151514,7.76872031787,25
245,Brandan Wright,MEM,28,12,6,6,17.7,6.9,2.9,4.3,67.3,0.0,0.0,0.0,1.1,2.0,54.2,1.2,2.4,3.6,0.5,0.8,0.4,1.3,1.8,0,0,-4.8,31.3049055348,-15.5910327632,55
246,Brandon Jennings,ORL,26,48,20,28,18.1,6.9,2.3,6.3,36.8,1.1,3.2,32.9,1.2,1.6,73.1,0.3,1.7,2.0,3.5,1.2,0.6,0.1,1.2,1,0,0.3,-4.63935577312,5.24893426175,36
247,Patrick Patterson,TOR,27,79,54,25,25.6,6.9,2.6,6.2,41.4,1.3,3.7,36.2,0.4,0.4,85.3,1.0,3.4,4.3,1.2,0.8,0.7,0.4,1.6,0,0,5.1,-16.3678444479,0.665370059924,29
248,Wesley Johnson,LAC,28,80,51,29,20.8,6.9,2.6,6.4,40.4,1.3,3.9,33.3,0.4,0.6,65.2,0.5,2.6,3.1,0.6,0.7,1.1,0.7,2.2,0,0,1.5,1.95796877765,9.44926727497,43
249,Andrew Nicholson,ORL,26,56,22,34,14.7,6.9,2.6,5.5,47.1,0.7,2.0,36.0,0.9,1.2,78.5,0.6,3.0,3.6,0.4,0.7,0.2,0.4,1.2,0,0,0.6,-9.92919642059,3.43783149774,33
250,Seth Curry,SAC,25,44,17,27,15.7,6.8,2.3,5.1,45.5,1.1,2.5,45.0,1.0,1.2,83.3,0.2,1.2,1.4,1.5,0.8,0.5,0.1,0.9,1,0,-0.9,-18.8334122681,8.48147745372,37
251,Kosta Koufos,SAC,27,78,32,46,19.0,6.8,3.0,5.7,53.2,0.0,0.0,0.0,0.7,1.3,54.8,2.2,3.3,5.4,0.4,0.6,0.5,0.9,2.4,5,0,-2.9,29.7628032393,-14.1198199199,56
252,Andrea Bargnani,BKN,30,46,11,35,13.8,6.6,2.8,6.1,45.5,0.1,0.3,18.8,1.0,1.2,82.5,0.6,1.5,2.1,0.4,0.6,0.1,0.2,1.3,0,0,-4.2,-3.87735656343,-12.7659572049,57
253,Vince Carter,MEM,39,60,33,27,16.8,6.6,2.2,5.7,38.8,1.0,2.8,34.9,1.2,1.4,83.3,0.5,1.9,2.4,0.9,0.6,0.6,0.3,1.7,0,0,-0.6,-13.8690867554,0.998589241117,29
254,Josh Richardson,MIA,22,52,29,23,21.3,6.6,2.4,5.2,45.2,1.0,2.2,46.1,0.8,1.2,66.7,0.4,1.7,2.1,1.4,0.7,0.7,0.5,2.1,0,0,0.8,-5.69162874478,18.514210778,29
255,Henry Sims,BKN,26,14,2,12,18.8,6.5,2.4,5.5,42.9,0.0,0.0,0.0,1.8,2.1,83.3,1.5,3.6,5.1,0.6,0.9,0.6,1.0,2.6,0,0,-6.7,5.55498998711,-28.4502415165,58
256,Ed Davis,POR,27,81,43,38,20.8,6.5,2.5,4.2,61.1,0.0,0.0,0.0,1.4,2.5,55.9,2.8,4.6,7.4,1.1,0.8,0.7,0.9,2.5,9,0,0.3,29.3133504085,-15.7853351523,46
257,Kris Humphries,ATL,31,53,29,24,15.7,6.5,2.3,5.6,41.0,0.6,2.0,31.5,1.3,1.6,79.8,1.1,3.0,4.1,0.7,0.7,0.3,0.4,1.8,1,0,-1.9,-8.89361146787,-0.216041665811,33
258,Justise Winslow,MIA,20,78,46,32,28.6,6.4,2.5,5.9,42.2,0.4,1.5,27.6,1.0,1.5,68.4,1.0,4.1,5.2,1.5,1.2,0.9,0.3,2.4,0,0,1.3,2.60181538092,2.65280473282,24
259,Thabo Sefolosha,ATL,32,75,42,33,23.4,6.4,2.5,4.9,50.7,0.6,1.6,34.1,0.8,1.3,62.6,0.7,3.8,4.5,1.4,0.9,1.1,0.5,1.5,1,0,-0.3,4.59795796502,10.1136088051,42
260,Tim Hardaway Jr.,ATL,24,51,29,22,16.9,6.4,2.2,5.2,43.0,0.9,2.8,33.6,1.0,1.1,89.3,0.1,1.5,1.7,1.0,0.5,0.4,0.1,0.9,0,0,2.0,-17.9413614368,-3.89982496308,37
261,Maurice Harkless,POR,23,78,40,38,18.7,6.4,2.5,5.3,47.4,0.5,1.8,27.9,0.9,1.4,62.2,1.3,2.3,3.6,0.9,0.8,0.6,0.4,1.6,4,0,0.4,8.03002709917,5.6520029891,35
262,Boris Diaw,SAS,34,76,64,12,18.2,6.4,2.7,5.0,52.7,0.3,0.9,36.2,0.7,1.0,73.7,0.8,2.3,3.1,2.3,1.3,0.3,0.3,1.3,0,0,3.8,-5.7696877349,5.5011427449,49
263,Leandro Barbosa,GSW,33,68,60,8,15.9,6.4,2.5,5.4,46.2,0.6,1.6,35.5,0.8,0.9,83.9,0.4,1.3,1.7,1.2,0.8,0.6,0.1,1.6,0,0,0.6,-14.1905471892,0.195807715256,29
264,Aron Baynes,DET,29,81,43,38,15.2,6.3,2.4,4.7,50.5,0.0,0.0,0.0,1.6,2.0,76.4,1.7,3.0,4.7,0.6,0.8,0.3,0.6,1.9,1,0,-0.7,11.6331797888,-25.6471673567,53
265,Shaun Livingston,GSW,30,78,69,9,19.5,6.3,2.6,4.9,53.6,0.0,0.2,16.7,1.0,1.2,86.0,0.5,1.6,2.2,3.0,1.0,0.7,0.3,1.8,0,0,2.7,-5.37582723326,-17.4589282773,59
266,Timofey Mozgov,CLE,29,76,52,24,17.4,6.3,2.7,4.7,56.5,0.0,0.1,14.3,0.9,1.3,71.6,1.4,3.0,4.4,0.4,0.9,0.3,0.8,2.1,2,0,0.0,8.27339982577,-11.9643805556,53
267,Donatas Motiejunas,HOU,25,37,19,18,14.8,6.2,2.4,5.5,43.9,0.4,1.5,28.1,0.9,1.4,64.2,1.0,1.9,2.9,1.1,1.2,0.5,0.1,1.9,0,0,1.2,6.00152162771,5.16719575802,33
268,PJ Hairston,MEM,23,66,31,35,19.9,6.2,2.2,6.2,35.5,1.1,3.7,29.0,0.8,1.0,78.1,0.4,2.3,2.6,0.6,0.6,0.5,0.2,2.1,1,0,-2.9,-6.57098734154,-0.558523732076,29
269,Mike Scott,ATL,27,75,46,29,15.3,6.2,2.3,5.0,46.8,0.8,2.1,39.2,0.7,0.8,79.4,0.7,2.0,2.7,1.0,0.6,0.3,0.2,1.4,0,0,1.5,-12.4134886108,5.63480080437,29
270,Paul Pierce,LAC,38,68,44,24,18.1,6.1,2.1,5.8,36.3,1.1,3.6,31.0,0.8,1.0,81.8,0.2,2.6,2.7,1.0,0.9,0.5,0.3,1.9,0,0,0.8,-10.7817574736,-1.0546384176,29
271,Trey Lyles,UTA,20,80,38,42,17.3,6.1,2.4,5.5,43.8,0.6,1.6,38.3,0.7,1.0,69.5,0.7,3.0,3.7,0.7,0.8,0.3,0.2,1.4,2,0,-0.6,-3.83212694657,10.6852565002,33
272,T.J. McConnell,PHI,24,81,10,71,19.8,6.1,2.7,5.7,47.0,0.4,1.1,34.8,0.3,0.5,63.4,0.5,2.6,3.1,4.5,1.7,1.2,0.1,1.4,0,0,-3.4,3.29429944729,10.7796867604,29
273,Channing Frye,CLE,33,70,35,35,17.1,6.1,2.2,5.0,43.8,1.3,3.4,38.7,0.4,0.5,85.7,0.5,2.8,3.3,1.0,0.6,0.4,0.4,1.8,0,0,1.5,-17.6360696379,2.18350631029,29
274,Tyler Zeller,BOS,26,60,38,22,11.8,6.1,2.3,4.8,47.6,0.0,0.0,0.0,1.5,1.8,81.5,1.0,1.9,3.0,0.5,0.8,0.2,0.4,1.6,1,0,-1.1,7.22673344395,-28.053575734,60
275,Mario Hezonja,ORL,21,79,33,46,17.9,6.1,2.3,5.3,43.3,0.8,2.4,34.9,0.6,0.7,90.7,0.4,1.9,2.2,1.4,1.2,0.5,0.2,1.6,0,0,-0.1,-19.7178476815,-3.6416639841,29
276,Dante Cunningham,NOP,29,80,28,52,24.6,6.1,2.3,5.2,45.1,0.7,2.2,31.6,0.7,1.0,69.5,0.7,2.2,3.0,1.0,0.5,0.5,0.4,2.2,0,0,-3.5,-0.0459709886331,5.02038271776,33
277,Josh Smith,HOU,30,55,31,24,16.0,6.0,2.3,6.3,36.4,0.7,2.6,28.7,0.7,1.2,55.2,0.9,2.6,3.5,1.6,1.4,0.6,0.9,2.1,0,0,-1.5,12.6446629439,11.6025810441,49
278,Jonathon Simmons,SAS,26,55,47,8,14.8,6.0,2.2,4.4,50.4,0.3,0.9,38.3,1.3,1.7,75.0,0.3,1.5,1.7,1.1,1.0,0.4,0.1,1.9,0,0,1.7,-7.96210524843,6.80148594677,29
279,Duje Dukan,SAC,24,1,0,1,24.2,6.0,2.0,10.0,20.0,2.0,5.0,40.0,0.0,0.0,0.0,2.0,2.0,4.0,1.0,0.0,1.0,0.0,2.0,0,0,-8.0,51.265082284,53.4619270042,29
280,Alexis Ajinca,NOP,28,59,20,39,14.6,6.0,2.5,5.3,47.6,0.0,0.0,0.0,0.9,1.1,83.9,1.3,3.3,4.6,0.5,0.9,0.3,0.6,2.3,4,0,-1.1,5.18765320545,-29.3729850547,61
281,Spencer Hawes,CHA,28,57,30,27,18.2,6.0,2.2,5.4,40.5,0.7,1.8,37.3,0.9,1.1,83.1,0.9,3.4,4.3,1.9,1.0,0.4,0.5,1.9,1,0,0.8,-14.8959176567,2.82141791951,41
282,Roy Hibbert,LAL,29,81,17,64,23.2,5.9,2.2,5.1,44.3,0.0,0.0,0.0,1.4,1.8,80.7,1.6,3.3,4.9,1.2,0.9,0.4,1.4,3.1,3,0,-8.4,7.89162803031,-27.1995937706,58
283,JJ Hickson,WAS,27,35,17,18,12.5,5.9,2.3,4.4,51.6,0.0,0.0,0.0,1.3,2.9,44.7,1.1,2.7,3.8,0.7,0.7,0.4,0.4,1.3,2,0,-1.7,38.0986776743,-8.39600428014,62
284,Raul Neto,UTA,24,81,40,41,18.5,5.9,2.2,5.2,43.1,0.8,2.0,39.5,0.6,0.9,74.3,0.2,1.3,1.5,2.1,1.3,0.8,0.0,1.5,0,0,0.9,-8.60430938415,9.17615893731,36
285,Jason Terry,HOU,38,72,37,35,17.5,5.9,2.1,5.2,40.2,1.3,3.6,35.6,0.4,0.5,81.8,0.2,0.9,1.1,1.4,0.7,0.7,0.1,1.3,0,0,0.5,-12.9458020321,2.26402817268,37
286,Trevor Booker,UTA,28,79,39,40,20.7,5.9,2.4,4.9,49.0,0.2,0.5,29.3,0.9,1.3,67.0,2.1,3.6,5.7,1.1,1.0,0.7,0.5,2.1,4,0,0.8,3.4666126976,3.89936908075,58
287,Markel Brown,BKN,24,62,12,50,15.8,5.9,2.0,5.2,39.4,0.6,2.0,31.4,1.1,1.5,75.5,0.4,1.6,2.0,1.5,0.9,0.6,0.2,1.5,1,0,-3.8,-5.28473934165,2.29116248972,29
288,Randy Foye,OKC,32,81,37,44,20.3,5.9,2.1,6.0,35.1,0.9,3.1,30.0,0.8,0.9,82.4,0.3,1.6,1.9,2.0,1.1,0.5,0.4,1.6,0,0,0.3,-10.8157285258,-2.04878511439,63
289,Dwight Powell,DAL,24,69,35,34,14.4,5.8,2.1,4.3,49.3,0.0,0.2,12.5,1.5,2.1,73.9,1.2,2.7,4.0,0.6,0.6,0.5,0.3,1.7,3,0,-1.2,6.94568658766,-13.7990423306,35
290,Amar'e Stoudemire,MIA,33,52,30,22,14.7,5.8,2.4,4.3,56.6,0.0,0.0,0.0,1.0,1.3,74.6,1.3,3.0,4.3,0.5,0.9,0.3,0.8,1.8,2,0,0.2,13.5203028913,-25.4337456673,53
291,Iman Shumpert,CLE,26,54,39,15,24.4,5.8,2.1,5.6,37.4,0.8,2.7,29.5,0.7,0.9,78.4,0.6,3.2,3.8,1.7,1.1,1.0,0.4,2.2,1,0,3.4,-7.13029916587,-0.606255797016,29
292,Rondae Hollis-Jefferson,BKN,21,29,7,22,21.2,5.8,2.2,4.8,45.7,0.1,0.5,28.6,1.3,1.8,71.2,1.3,4.0,5.3,1.5,0.9,1.3,0.6,2.1,2,0,-2.1,0.22636358338,1.44305300458,42
293,Xavier Munford,MEM,24,14,3,11,17.4,5.7,2.3,5.5,41.6,0.6,1.6,39.1,0.5,1.0,50.0,0.2,2.0,2.2,1.6,1.1,0.9,0.2,1.8,0,0,-1.8,11.8228252033,22.3510694375,29
294,Jarell Martin,MEM,22,27,10,17,14.1,5.7,2.0,4.3,46.6,0.0,0.1,0.0,1.7,2.3,72.6,1.4,1.7,3.2,0.6,0.7,0.3,0.3,2.1,0,0,-1.4,14.6124107474,-23.0557263963,64
295,Greivis Vasquez,MIL,29,23,9,14,20.0,5.7,2.0,6.0,32.6,0.8,3.2,24.7,1.0,1.1,84.6,0.2,1.8,2.0,4.0,1.7,0.4,0.0,1.8,0,0,-4.1,-9.8738365304,-7.28607132169,36
296,Ty Lawson,IND,28,66,31,35,21.4,5.7,2.1,5.4,39.3,0.5,1.6,33.3,0.9,1.3,68.6,0.4,1.4,1.8,3.6,1.4,0.8,0.1,1.3,1,0,-2.4,-0.695420268061,7.67072227058,29
297,Bryce Dejean-Jones,NOP,23,14,8,6,19.9,5.6,2.0,4.9,40.6,0.9,2.3,37.5,0.8,1.5,52.4,0.6,2.9,3.4,1.1,0.8,0.7,0.1,1.2,0,0,-2.8,10.6937537854,19.828734289,29
298,Troy Daniels,CHA,24,43,25,18,11.1,5.6,2.1,4.3,47.6,1.4,2.8,48.4,0.1,0.2,55.6,0.2,1.2,1.3,0.5,0.6,0.3,0.1,0.9,0,0,-1.0,2.61207387058,26.2101139864,37
299,Richaun Holmes,PHI,22,51,7,44,13.8,5.6,2.2,4.4,51.4,0.2,0.9,18.2,1.0,1.5,68.9,1.2,1.4,2.6,0.6,0.6,0.4,0.8,1.8,0,0,-1.0,8.12960996675,-6.57683025914,61
300,Jerian Grant,NYK,23,76,29,47,16.6,5.6,2.0,5.1,39.4,0.3,1.3,22.0,1.3,1.6,78.0,0.3,1.6,1.9,2.3,1.1,0.7,0.1,1.3,0,0,-2.2,-2.34164257202,-6.856473202,29
301,Anthony Morrow,OKC,30,68,46,22,13.6,5.6,2.0,4.9,40.8,1.2,3.0,38.7,0.4,0.6,74.4,0.1,0.8,0.9,0.4,0.3,0.3,0.1,0.9,0,0,1.6,-8.36646645508,8.76932071815,65
302,Tiago Splitter,ATL,31,36,21,15,16.1,5.6,2.3,4.3,52.3,0.0,0.1,0.0,1.1,1.3,81.3,1.3,2.1,3.3,0.8,0.7,0.6,0.3,2.0,0,0,2.8,7.58561684634,-28.548634836,61
303,Norman Powell,TOR,23,49,32,17,14.8,5.6,2.0,4.7,42.4,0.7,1.8,40.4,0.9,1.1,81.1,0.3,1.9,2.3,1.0,0.7,0.6,0.2,1.2,0,0,1.3,-14.7026301305,6.23808592654,37
304,Richard Jefferson,CLE,36,74,51,23,17.9,5.5,1.9,4.2,45.8,0.9,2.3,38.2,0.8,1.2,66.7,0.2,1.5,1.7,0.8,0.6,0.4,0.2,1.7,0,0,-0.6,-1.2397780374,11.9024659747,29
305,Larry Nance Jr.,LAL,23,63,14,49,20.1,5.5,2.5,4.8,52.7,0.0,0.2,10.0,0.5,0.7,68.1,1.6,3.3,5.0,0.7,0.7,0.9,0.4,2.0,3,0,-1.5,13.3022902096,-13.0965220171,61
306,Bismack Biyombo,TOR,23,82,56,26,22.0,5.5,1.9,3.5,54.2,0.0,0.0,0.0,1.7,2.8,62.8,2.2,5.8,8.0,0.4,0.9,0.2,1.6,2.7,9,0,1.0,23.2051122646,-18.7338920635,66
307,Boban Marjanovic,SAS,27,54,47,7,9.4,5.5,1.9,3.2,60.3,0.0,0.0,0.0,1.6,2.1,76.3,1.4,2.2,3.6,0.4,0.5,0.2,0.4,1.0,3,0,1.0,12.4104779701,-26.8580211649,67
308,Cole Aldrich,LAC,27,60,41,19,13.3,5.5,2.2,3.8,59.6,0.0,0.0,0.0,1.0,1.4,71.4,1.4,3.4,4.8,0.8,1.1,0.8,1.1,2.3,3,0,-0.4,16.4155460133,-24.071345701,46
309,Lavoy Allen,IND,27,79,43,36,20.2,5.4,2.4,4.7,51.6,0.0,0.0,0.0,0.6,0.9,63.0,2.1,3.3,5.4,1.0,0.9,0.3,0.5,1.9,4,0,2.4,22.7396968211,-18.4333179144,53
310,Andrew Bogut,GSW,31,70,62,8,20.7,5.4,2.5,4.0,62.7,0.0,0.0,100.0,0.3,0.7,48.0,1.7,5.3,7.0,2.3,1.2,0.5,1.6,3.2,5,0,5.7,-18.0809349112,70.8838763258,58
311,Ronnie Price,PHX,33,62,20,42,19.5,5.3,1.9,4.9,38.4,1.1,3.2,34.7,0.5,0.7,75.6,0.4,1.2,1.6,2.4,1.1,1.2,0.2,2.6,0,0,-1.2,-7.350764385,5.13716952962,36
312,Anthony Tolliver,DET,31,72,36,36,18.6,5.3,1.8,4.6,38.6,1.4,3.8,36.0,0.4,0.7,61.7,0.5,2.6,3.2,0.7,0.4,0.4,0.2,1.2,0,0,0.1,3.53075911492,13.7865953163,37
313,Tony Snell,CHI,24,64,33,31,20.3,5.3,2.0,5.3,37.2,0.9,2.4,36.1,0.5,0.5,90.9,0.3,2.8,3.1,1.0,0.8,0.3,0.3,1.6,1,0,1.5,-20.9433455759,-2.00252546726,37
314,Quincy Acy,SAC,25,59,21,38,14.8,5.2,2.0,3.6,55.6,0.3,0.8,38.8,0.8,1.2,73.5,1.1,2.1,3.2,0.5,0.5,0.5,0.4,1.7,0,0,-2.2,-6.40985888258,7.34645091349,68
315,Miles Plumlee,MIL,27,61,23,38,14.3,5.1,2.3,3.8,60.1,0.0,0.0,0.0,0.6,1.0,57.6,1.5,2.3,3.8,0.3,0.7,0.3,0.8,1.2,0,0,-1.6,28.0004953793,-16.552006548,67
316,Charlie Villanueva,DAL,31,62,29,33,10.7,5.1,2.0,5.3,38.2,0.8,2.8,27.3,0.4,0.4,91.7,0.4,2.1,2.5,0.4,0.5,0.3,0.2,1.1,0,0,-1.4,-16.6966779607,-9.81014098551,37
317,Nemanja Bjelica,MIN,28,60,20,40,17.9,5.1,1.8,3.9,46.8,0.8,2.1,38.4,0.7,0.9,72.7,0.8,2.7,3.5,1.4,0.8,0.4,0.4,2.6,3,0,-2.1,-6.20193391625,8.62568908166,33
318,JaKarr Sampson,DEN,23,73,18,55,15.9,5.1,1.9,4.3,44.2,0.2,0.9,22.2,1.1,1.7,65.6,0.6,2.0,2.6,0.6,1.0,0.3,0.5,1.9,0,0,-3.2,8.34546540919,-0.552850492879,68
319,Tim Frazier,NOP,25,51,25,26,14.5,5.1,1.9,4.5,41.9,0.3,0.9,33.3,1.0,1.5,71.6,0.5,1.6,2.2,3.2,1.3,0.6,0.0,1.4,2,0,-0.6,-2.95965509287,5.64207567314,29
320,JaVale McGee,DAL,28,34,15,19,10.9,5.1,2.3,3.9,57.5,0.0,0.0,0.0,0.5,1.1,50.0,1.6,2.4,3.9,0.1,0.6,0.1,0.8,1.4,1,0,-1.6,34.1586654805,-12.056605225,67
321,James Johnson,TOR,29,57,35,22,16.2,5.0,2.0,4.2,47.5,0.4,1.2,30.3,0.7,1.2,57.4,0.5,1.7,2.2,1.2,0.9,0.5,0.6,1.5,0,0,0.1,10.8713703032,10.2294605859,33
322,Metta World Peace,LAL,36,35,6,29,16.9,5.0,1.6,5.1,31.1,0.7,2.4,31.0,1.1,1.6,70.2,0.5,2.0,2.5,0.8,0.4,0.6,0.3,1.9,0,0,-1.8,-1.2252138759,5.9151638684,29
323,Alan Anderson,WAS,33,13,8,5,14.8,5.0,1.6,4.5,35.6,0.9,2.8,32.4,0.8,1.2,73.3,0.1,2.0,2.1,1.1,0.2,0.3,0.1,1.9,0,0,2.3,-4.39160396852,4.80442177297,37
324,Cameron Payne,OKC,21,57,44,13,12.2,5.0,2.0,4.9,41.0,0.6,1.9,32.4,0.3,0.4,79.2,0.2,1.3,1.5,1.9,0.8,0.6,0.1,1.4,0,0,-0.5,-8.87658884827,0.888871268934,37
325,Sasha Vujacic,NYK,32,61,22,39,14.9,4.9,1.7,4.5,38.3,0.9,2.3,36.4,0.5,0.6,82.1,0.4,2.0,2.4,1.4,0.7,0.6,0.1,1.4,0,0,-0.7,-13.5721262859,2.92950957372,37
326,Spencer Dinwiddie,CHI,23,12,5,7,13.3,4.8,1.6,4.5,35.2,0.1,0.8,10.0,1.6,2.8,57.6,0.3,1.1,1.4,1.8,0.6,0.3,0.0,1.7,0,0,-4.7,21.0058018404,-5.07105936025,69
327,Andre Roberson,OKC,24,70,48,22,22.2,4.8,1.9,3.9,49.6,0.5,1.5,31.1,0.5,0.8,61.1,1.1,2.5,3.6,0.7,0.5,0.8,0.6,1.9,0,0,3.7,7.40647525835,8.57662759051,35
328,Kyle O'Quinn,NYK,26,65,26,39,11.8,4.8,2.0,4.2,47.6,0.1,0.3,22.7,0.7,0.9,76.7,1.2,2.7,3.8,1.1,0.9,0.3,0.8,1.6,1,0,-1.0,-0.979737110945,-6.68970291123,61
329,Willie Reed,BKN,26,39,8,31,10.9,4.7,1.9,3.4,57.1,0.0,0.0,0.0,0.8,1.4,54.5,1.3,1.9,3.1,0.3,0.4,0.2,0.8,1.2,0,0,-2.1,30.4487060866,-14.4761046716,70
330,Chris McCullough,BKN,21,24,7,17,15.1,4.7,1.8,4.5,40.4,0.5,1.4,38.2,0.5,1.0,47.8,1.0,1.8,2.8,0.4,0.6,1.2,0.5,1.6,0,0,-5.0,14.3348925741,22.9269227119,33
331,Beno Udrih,MEM,33,44,26,18,16.1,4.7,2.0,4.5,43.4,0.3,1.0,34.1,0.4,0.5,90.0,0.2,1.5,1.6,2.6,1.2,0.3,0.0,1.2,1,0,-0.5,-18.5692824631,-3.97256912126,37
332,Justin Holiday,CHI,27,53,28,25,14.6,4.5,1.7,4.3,38.6,0.7,2.0,34.3,0.5,0.7,73.0,0.2,1.5,1.7,1.1,0.7,0.6,0.4,1.2,0,0,-1.7,-4.77588094385,6.14098941582,37
333,Nikola Pekovic,MIN,30,12,2,10,13.0,4.5,1.6,4.2,38.0,0.0,0.0,0.0,1.3,1.7,80.0,0.6,1.2,1.8,0.9,0.8,0.1,0.0,1.8,0,0,-5.3,8.07908068899,-26.0022040185,37
334,Jordan McRae,CLE,25,22,10,12,8.9,4.5,1.5,3.5,43.6,0.5,1.0,45.5,1.0,1.3,75.0,0.2,0.7,0.9,1.1,0.7,0.1,0.0,0.8,0,0,2.0,-12.1695469983,13.6016932952,37
335,Kyle Anderson,SAS,22,78,64,14,16.0,4.5,1.8,3.8,46.8,0.2,0.5,32.4,0.8,1.1,74.7,0.3,2.8,3.1,1.6,0.8,0.8,0.4,1.2,1,0,2.6,-4.72135699139,2.5218677864,33
336,Tyler Ennis,MIL,21,46,17,29,14.2,4.5,1.8,4.1,44.9,0.3,0.8,33.3,0.5,0.7,73.5,0.3,1.3,1.6,2.1,1.0,0.5,0.0,1.4,0,0,-1.5,-4.22757862743,4.21158576912,37
337,Marcelo Huertas,LAL,33,53,8,45,16.4,4.5,1.8,4.3,42.2,0.3,1.2,26.2,0.5,0.5,93.1,0.3,1.4,1.7,3.4,1.5,0.5,0.1,1.4,0,0,0.4,-17.0163512105,-12.0321642842,37
338,Alonzo Gee,NOP,29,73,27,46,22.4,4.5,1.8,3.5,51.8,0.2,0.8,28.3,0.6,0.9,66.7,0.8,2.5,3.4,1.0,0.8,0.9,0.2,2.3,0,0,-2.7,4.67057364964,2.90080457185,68
339,Briante Weber,MIA,23,7,3,4,24.1,4.4,2.0,5.6,35.9,0.0,0.7,0.0,0.4,0.6,75.0,1.1,2.4,3.6,3.0,1.3,1.3,0.4,1.7,0,0,-9.6,12.0227365365,-22.9217598498,41
340,Dewayne Dedmon,ORL,26,58,21,37,12.2,4.4,1.7,3.1,55.9,0.0,0.0,0.0,1.0,1.3,75.0,1.2,2.8,3.9,0.2,0.6,0.4,0.8,1.9,1,0,-0.6,13.3006972079,-25.5875362939,67
341,Steve Blake,DET,36,58,34,24,17.0,4.4,1.6,4.1,38.8,0.9,2.6,34.4,0.3,0.3,80.0,0.2,1.4,1.5,3.4,1.4,0.4,0.1,1.2,0,0,-1.0,-10.7503700432,2.39834196284,48
342,Jonas Jerebko,BOS,29,78,47,31,15.1,4.4,1.5,3.7,41.3,0.6,1.4,39.8,0.8,1.0,78.2,1.0,2.7,3.7,0.8,0.7,0.3,0.3,1.8,1,0,0.4,-11.875683529,7.42150258005,33
343,Thomas Robinson,BKN,25,71,16,55,12.9,4.3,1.8,4.1,44.7,0.0,0.0,0.0,0.7,1.5,43.1,1.9,3.1,5.1,0.6,1.0,0.5,0.5,1.6,8,0,-3.9,39.1403578425,-6.64863660917,53
344,C.J. Watson,ORL,32,33,14,19,19.9,4.3,1.4,4.2,34.3,0.4,1.5,29.2,1.0,1.2,87.2,0.3,1.7,2.0,2.7,0.8,0.6,0.2,1.5,0,0,-1.5,-14.1321800472,-5.32406486069,37
345,Joakim Noah,CHI,31,29,15,14,21.9,4.3,1.8,4.6,38.3,0.0,0.0,0.0,0.8,1.6,48.9,3.0,5.8,8.8,3.8,1.8,0.6,1.0,2.7,1,0,-1.2,33.6633405961,-9.02934830045,26
346,Jeff Withey,UTA,26,51,25,26,12.9,4.3,1.7,3.2,53.7,0.0,0.0,0.0,0.8,1.2,72.9,1.1,2.3,3.4,0.4,0.5,0.4,1.0,1.5,2,0,1.1,14.8432113298,-24.1487483532,67
347,Brandon Rush,GSW,30,72,63,9,14.6,4.2,1.5,3.6,42.7,0.9,2.2,41.4,0.3,0.4,64.3,0.3,2.2,2.5,0.8,0.5,0.3,0.3,0.8,0,0,-0.5,-1.08647448555,16.2340886745,69
348,Ryan Kelly,LAL,25,36,3,33,13.1,4.2,1.5,4.1,36.9,0.1,1.0,13.5,1.0,1.5,68.5,0.6,2.8,3.4,0.6,0.5,0.4,0.3,1.1,0,0,0.0,10.0793351467,-8.4096485156,71
349,Joe Ingles,UTA,28,81,40,41,15.3,4.2,1.5,3.6,42.6,1.0,2.6,38.6,0.2,0.2,72.2,0.2,1.6,1.9,1.2,0.8,0.7,0.0,1.2,0,0,0.0,-6.20540551677,9.63050988141,37
350,Tyus Jones,MIN,20,37,13,24,15.5,4.2,1.5,4.2,35.9,0.4,1.4,30.2,0.8,1.1,71.8,0.2,1.1,1.3,2.9,0.9,0.8,0.1,0.9,0,0,-3.6,-1.69473776294,3.75880789099,37
351,Solomon Hill,IND,25,59,31,28,14.7,4.2,1.6,3.5,44.7,0.4,1.3,32.4,0.6,0.7,85.7,0.7,2.2,2.8,1.0,0.6,0.6,0.2,1.2,1,0,0.8,-13.9091855161,-3.22370479785,29
352,John Jenkins,PHX,25,43,18,25,11.2,4.1,1.7,3.7,44.4,0.4,1.2,31.4,0.5,0.6,83.3,0.2,1.1,1.3,0.8,0.6,0.2,0.0,0.5,0,0,-1.5,-11.3146574413,-2.67360443401,37
353,Elton Brand,PHI,37,17,2,15,13.2,4.1,1.8,4.2,43.1,0.0,0.1,0.0,0.5,0.5,88.9,0.5,3.2,3.7,1.1,0.6,0.5,0.5,1.9,1,0,-2.2,0.87901479369,-31.5421483475,68
354,Chase Budinger,PHX,28,66,29,37,14.1,4.1,1.6,3.6,43.5,0.4,1.3,27.9,0.6,0.8,69.6,0.7,1.6,2.3,1.0,0.7,0.5,0.2,0.9,0,0,0.0,1.84799850472,2.0562304901,72
355,Brian Roberts,POR,30,51,26,25,9.2,4.0,1.5,3.2,44.8,0.3,0.8,35.7,0.8,0.9,89.4,0.1,0.7,0.8,1.1,0.5,0.2,0.0,0.7,0,0,-1.2,-18.6318121645,-2.54071652228,37
356,Darrun Hilliard,DET,23,38,17,21,10.1,4.0,1.4,3.4,39.7,0.5,1.3,38.0,0.8,1.1,72.5,0.1,1.1,1.2,0.7,0.5,0.2,0.0,0.7,0,0,-0.1,-6.20783966493,9.28413714432,37
357,Rakeem Christmas,IND,24,1,1,0,6.1,4.0,2.0,2.0,100.0,0.0,0.0,0.0,0.0,0.0,0.0,1.0,0.0,1.0,0.0,0.0,0.0,0.0,1.0,0,0,-10.0,78.8420509637,10.0077717611,73
358,Anthony Brown,LAL,23,29,4,25,20.6,4.0,1.3,4.3,31.0,0.7,2.4,28.6,0.6,0.7,85.0,0.3,2.1,2.4,0.7,0.5,0.5,0.2,1.2,0,0,-1.2,-12.1740019076,-4.18171157995,37
359,Omer Asik,NOP,29,68,29,39,17.3,4.0,1.5,2.9,53.3,0.0,0.0,0.0,0.9,1.6,54.5,1.8,4.3,6.1,0.4,0.9,0.3,0.3,1.8,2,0,-3.0,30.2681356965,-14.0339334612,55
360,Kevin Seraphin,NYK,26,48,15,33,11.0,3.9,1.8,4.3,41.0,0.0,0.0,0.0,0.4,0.5,82.6,0.6,2.0,2.6,1.0,0.9,0.2,0.8,1.4,0,0,-1.8,5.98226659958,-27.8129493086,74
361,Chris Andersen,MEM,37,27,11,16,14.9,3.9,1.4,2.7,52.8,0.1,0.5,28.6,0.9,1.3,69.4,1.3,2.3,3.6,0.4,0.3,0.6,0.5,1.1,0,0,-2.6,2.44243273353,1.49879632086,64
362,Delon Wright,TOR,24,27,19,8,8.5,3.8,1.3,3.0,45.0,0.2,0.5,38.5,1.0,1.3,74.3,0.3,1.1,1.4,1.1,0.6,0.3,0.1,0.3,0,0,0.5,-7.60627541416,8.00188705897,37
363,Glenn Robinson III,IND,22,45,24,21,11.3,3.8,1.4,3.4,43.0,0.3,0.8,37.8,0.6,0.9,69.2,0.3,1.2,1.5,0.6,0.4,0.4,0.2,0.5,0,0,-0.8,-3.09507973337,10.493542129,69
364,Justin Anderson,DAL,22,55,28,27,11.8,3.8,1.3,3.2,40.6,0.4,1.5,26.5,0.8,1.0,80.0,0.3,2.1,2.4,0.5,0.4,0.3,0.5,0.8,1,0,0.1,-6.18629726525,-4.44922214407,72
365,Joe Young,IND,24,41,19,22,9.4,3.8,1.5,4.1,36.7,0.2,1.1,21.7,0.5,0.6,80.0,0.1,1.1,1.2,1.6,0.8,0.4,0.0,0.7,0,0,-0.8,-3.90470150819,-7.87902449537,37
366,Kelly Oubre Jr.,WAS,20,63,31,32,10.7,3.7,1.4,3.3,42.7,0.4,1.3,31.6,0.5,0.8,63.3,0.4,1.7,2.1,0.2,0.5,0.3,0.1,1.6,0,0,-0.7,5.1228373812,8.65664490057,37
367,Orlando Johnson,NOP,27,7,1,6,14.5,3.7,1.3,4.9,26.5,0.3,1.4,20.0,0.9,1.1,75.0,0.6,1.6,2.1,0.3,0.6,0.4,0.4,1.3,0,0,-5.3,0.648763797793,-5.2424505298,72
368,James Jones,CLE,35,48,33,15,9.7,3.7,1.2,3.0,40.8,0.9,2.2,39.4,0.4,0.5,80.8,0.2,0.9,1.0,0.3,0.3,0.2,0.2,1.0,0,0,-0.5,-13.7619843177,5.76981660131,65
369,Caron Butler,SAC,36,17,2,15,10.3,3.7,1.5,3.5,42.4,0.2,1.1,16.7,0.6,0.7,83.3,0.3,1.0,1.3,0.6,0.2,0.5,0.1,1.1,0,0,-2.4,-3.4527125575,-14.5591954128,37
370,Kendall Marshall,PHI,24,30,3,27,13.3,3.7,1.4,3.9,36.4,0.5,1.6,32.7,0.3,0.4,69.2,0.1,0.9,0.9,2.4,1.4,0.5,0.1,1.0,0,0,-3.8,-0.800142465925,7.18915039986,37
371,Andre Miller,SAS,40,39,20,19,11.8,3.7,1.5,2.7,55.7,0.1,0.2,25.0,0.6,0.8,75.0,0.3,1.0,1.3,2.2,0.9,0.4,0.0,1.2,0,0,0.8,-0.259398561344,-4.87868468515,75
372,Shabazz Napier,ORL,24,55,23,32,10.9,3.7,1.2,3.7,33.8,0.6,1.9,32.7,0.6,0.8,73.3,0.2,0.8,1.0,1.8,0.8,0.4,0.0,0.7,0,0,-1.0,-4.44014127388,5.26190681726,37
373,Salah Mejri,DAL,30,34,16,18,11.7,3.7,1.4,2.3,62.8,0.0,0.0,0.0,0.8,1.4,58.7,1.2,2.4,3.6,0.3,0.7,0.2,1.1,1.6,3,0,1.2,27.2881516253,-17.5368060672,67
374,Noah Vonleh,POR,20,78,41,37,15.0,3.6,1.5,3.6,42.1,0.1,0.6,23.9,0.5,0.7,74.5,1.2,2.7,3.9,0.4,0.6,0.3,0.3,1.9,0,0,-0.8,-0.0710265633291,-3.80059733611,74
375,Axel Toupane,DEN,23,21,9,12,14.5,3.6,1.2,3.3,35.7,0.6,1.9,32.5,0.6,0.8,76.5,0.4,1.1,1.5,0.7,0.3,0.3,0.3,1.9,0,0,-0.8,-6.80181770985,3.07443616874,69
376,Montrezl Harrell,HOU,22,39,17,22,9.7,3.6,1.5,2.3,64.4,0.0,0.0,0.0,0.6,1.2,52.2,0.6,1.0,1.7,0.4,0.4,0.3,0.3,1.2,0,0,1.0,32.8009475467,-14.1437253059,76
377,Christian Wood,PHI,20,17,0,17,8.5,3.6,1.3,3.1,41.5,0.2,0.6,36.4,0.8,1.2,61.9,0.8,1.5,2.2,0.2,0.1,0.3,0.4,0.6,0,0,-2.9,3.76546691567,13.5070608402,37
378,Ian Clark,GSW,25,66,59,7,8.8,3.6,1.3,3.1,44.1,0.5,1.3,35.7,0.4,0.5,82.4,0.2,0.8,1.0,1.0,0.7,0.3,0.2,0.9,0,0,-1.2,-12.8631340398,1.40220093885,37
379,Josh McRoberts,MIA,29,42,27,15,14.2,3.6,1.3,3.5,37.2,0.3,1.2,24.5,0.7,1.0,70.0,0.5,2.0,2.5,1.9,0.7,0.4,0.2,1.6,1,0,0.1,2.93642164343,-0.172500510605,29
380,James Anderson,SAC,27,51,19,32,14.1,3.5,1.3,3.5,37.6,0.5,1.7,26.7,0.4,0.6,75.9,0.3,1.4,1.7,0.8,0.8,0.4,0.3,1.1,0,0,-1.6,-3.05320096738,-1.62390441086,69
381,Jordan Adams,MEM,21,2,0,2,7.3,3.5,1.0,3.0,33.3,0.0,0.5,0.0,1.5,2.5,60.0,0.0,1.0,1.0,1.5,1.0,1.5,0.0,1.0,0,0,2.0,24.2057403646,-14.4417964234,29
382,Robert Sacre,LAL,27,25,2,23,12.8,3.5,1.2,3.0,41.3,0.0,0.0,0.0,1.0,1.5,65.8,1.3,1.6,2.9,0.6,0.5,0.2,0.4,1.7,0,0,-1.3,20.084936231,-18.675806434,77
383,Tarik Black,LAL,24,39,6,33,12.7,3.4,1.5,2.7,54.8,0.0,0.0,0.0,0.5,1.2,42.2,1.1,2.9,4.0,0.4,0.6,0.4,0.5,2.0,0,0,0.5,40.4973310044,-7.45922697965,67
384,Kyle Singler,OKC,28,68,43,25,14.4,3.4,1.3,3.3,38.9,0.4,1.4,30.9,0.4,0.6,65.9,0.7,1.3,2.1,0.4,0.5,0.4,0.1,1.8,0,0,-0.3,3.08852112374,7.14194022738,37
385,Cristiano Felicio,CHI,23,31,14,17,10.3,3.4,1.3,2.3,55.6,0.0,0.1,0.0,0.8,1.1,71.4,1.0,2.3,3.3,0.8,0.4,0.2,0.4,1.0,0,0,1.7,16.2540881708,-23.5751278653,78
386,Ryan Hollins,MEM,31,37,18,19,12.4,3.4,1.3,2.1,62.0,0.0,0.0,0.0,0.7,1.1,61.9,1.3,1.4,2.6,0.3,0.6,0.2,0.6,1.7,0,0,-4.0,24.7909722068,-19.1720755327,79
387,Phil Pressey,POR,25,23,3,20,12.3,3.3,1.3,3.4,38.5,0.2,0.8,22.2,0.6,1.1,52.0,0.1,1.2,1.3,3.3,1.4,0.8,0.2,1.2,0,0,-1.7,19.2574245686,7.65392228512,29
388,Ray McCallum,SAS,25,41,30,11,11.6,3.3,1.3,3.6,37.7,0.4,1.0,35.7,0.3,0.4,80.0,0.2,1.0,1.1,1.5,0.6,0.3,0.2,0.7,0,0,0.5,-11.364847083,3.53136375748,37
389,Reggie Bullock,DET,25,37,22,15,11.6,3.3,1.2,2.6,43.9,0.6,1.4,41.5,0.4,0.4,93.3,0.4,1.5,1.8,0.7,0.2,0.3,0.1,0.8,0,0,-1.6,-24.9914685914,0.216135270613,37
390,Mike Muscala,ATL,24,60,34,26,9.4,3.3,1.3,2.5,50.0,0.2,0.7,30.8,0.5,0.7,79.5,0.6,1.3,2.0,0.6,0.5,0.2,0.5,1.2,0,0,-0.6,-7.3692066359,-1.84832669356,37
391,Kevin Garnett,MIN,40,38,14,24,14.6,3.2,1.4,3.0,47.0,0.0,0.0,0.0,0.4,0.6,66.7,0.4,3.6,3.9,1.6,0.4,0.7,0.3,1.8,0,0,1.5,19.5455799573,-19.8888318864,74
392,Jason Thompson,TOR,29,47,38,9,10.0,3.1,1.1,2.3,48.1,0.1,0.3,33.3,0.8,1.1,70.4,0.7,2.2,2.9,0.6,0.3,0.3,0.4,1.7,0,0,-0.1,-1.25355366034,5.41628068635,74
393,Rashad Vaughn,MIL,19,70,30,40,14.3,3.1,1.2,3.8,30.5,0.6,2.1,29.3,0.2,0.2,80.0,0.2,1.1,1.3,0.6,0.4,0.4,0.2,1.0,0,0,-2.1,-8.31008554457,-0.801092184527,37
394,Luc Mbah a Moute,LAC,29,75,49,26,17.0,3.1,1.3,2.8,45.4,0.2,0.5,32.5,0.4,0.8,52.6,0.8,1.5,2.3,0.4,0.5,0.6,0.3,1.3,0,0,2.1,13.6896217995,14.8866106907,74
395,CJ Wilcox,LAC,25,23,15,8,7.3,3.0,1.1,2.9,39.4,0.4,1.0,39.1,0.4,0.5,75.0,0.0,0.5,0.5,0.4,0.1,0.4,0.1,0.7,0,0,1.0,-8.84501652558,8.84722590334,37
396,Johnny O'Bryant III,MIL,23,66,27,39,13.0,3.0,1.3,3.2,41.1,0.0,0.0,100.0,0.4,0.6,68.4,1.0,1.7,2.7,0.5,0.5,0.3,0.1,1.5,0,0,-2.0,-35.9375264222,62.4631419203,37
397,Thanasis Antetokounmpo,NYK,23,2,1,1,3.1,3.0,1.5,2.0,75.0,0.0,0.5,0.0,0.0,0.0,0.0,0.0,0.5,0.5,0.0,0.0,0.0,0.0,1.0,0,0,-3.0,77.029587753,13.186649769,80
398,Kirk Hinrich,ATL,35,46,26,20,13.7,3.0,1.1,2.8,38.0,0.5,1.3,38.7,0.3,0.3,93.8,0.2,1.3,1.5,1.6,0.7,0.3,0.0,1.4,0,0,0.3,-24.3747305193,-1.60921134432,81
399,Chris Johnson,UTA,26,70,38,32,12.2,2.9,1.0,2.8,37.1,0.4,1.4,27.3,0.5,0.6,81.0,0.4,1.5,1.9,0.6,0.6,0.5,0.3,1.4,0,0,0.0,-7.61193232959,-3.89380988326,69
400,Alan Williams,PHX,23,10,3,7,6.8,2.9,1.0,2.4,41.7,0.0,0.0,0.0,0.9,1.4,64.3,1.4,2.4,3.8,0.5,0.6,0.4,0.5,1.5,1,0,0.1,21.3633758456,-17.9280745454,64
401,Tayshaun Prince,MIN,36,77,27,50,19.0,2.9,1.3,3.0,44.5,0.1,0.3,17.4,0.2,0.2,68.4,0.4,1.5,1.9,1.0,0.4,0.5,0.2,0.8,0,0,-1.7,8.74357636089,-6.10985202616,37
402,James Michael McAdoo,GSW,23,41,37,4,6.4,2.9,1.1,2.0,53.6,0.0,0.0,50.0,0.6,1.2,53.1,0.7,0.7,1.4,0.4,0.4,0.2,0.2,1.0,0,0,-2.1,4.59888536074,27.993443672,82
403,Josh Huestis,OKC,24,5,2,3,11.0,2.8,1.0,2.4,41.7,0.8,1.2,66.7,0.0,0.8,0.0,0.4,1.6,2.0,0.0,0.6,0.2,0.4,0.6,0,0,0.4,38.8464282563,72.4501512223,72
404,Cory Jefferson,PHX,25,8,2,6,6.3,2.8,1.1,2.8,40.9,0.0,0.1,0.0,0.5,0.8,66.7,0.8,1.3,2.0,0.0,0.0,0.0,0.1,1.0,0,0,-0.6,19.3362883408,-19.1103662595,80
405,Alex Stepheson,MEM,28,8,2,6,9.0,2.8,1.1,3.4,33.3,0.0,0.0,0.0,0.5,1.5,33.3,2.4,1.1,3.5,0.3,0.0,0.1,0.6,1.5,1,0,-0.3,46.5769795314,0.164579735415,83
406,Andrew Goudelock,HOU,27,8,5,3,6.2,2.8,1.1,2.5,45.0,0.1,1.1,11.1,0.4,0.5,75.0,0.1,0.1,0.3,0.5,0.9,0.8,0.3,0.5,0,0,1.3,6.59106070836,-14.9700152384,75
407,Chris Kaman,POR,34,16,11,5,7.0,2.8,1.3,2.7,46.5,0.1,0.3,25.0,0.2,0.2,100.0,0.4,1.1,1.5,0.7,0.5,0.1,0.1,0.9,0,0,-1.9,-21.4532057339,-17.4332150963,37
408,Drew Gooden,WAS,34,30,18,12,10.2,2.7,1.1,3.4,32.0,0.2,1.4,17.1,0.3,0.5,64.3,0.9,1.9,2.8,0.4,0.4,0.3,0.4,1.3,2,0,-2.8,11.5109218749,-2.4982652086,37
409,Jared Cunningham,CLE,25,44,31,13,9.3,2.7,0.8,2.4,34.3,0.3,0.9,30.8,0.8,1.3,65.5,0.1,0.8,0.9,0.5,0.5,0.3,0.0,0.9,0,0,-1.0,3.31286024785,7.83442174631,37
410,Rasual Butler,SAS,37,46,41,5,9.4,2.7,1.1,2.3,47.1,0.3,1.1,30.6,0.2,0.3,68.8,0.1,1.2,1.2,0.5,0.2,0.3,0.5,0.2,0,0,1.7,1.38465659964,4.23934916887,37
411,RJ Hunter,BOS,22,36,21,15,8.7,2.7,1.0,2.7,36.7,0.5,1.8,30.2,0.2,0.2,85.7,0.1,1.0,1.0,0.4,0.3,0.4,0.1,0.8,0,0,-0.8,-13.0726150119,-4.00504453981,65
412,Anderson Varejao,GSW,33,53,41,12,9.4,2.6,1.0,2.3,42.7,0.0,0.0,0.0,0.6,0.9,64.0,0.7,2.0,2.7,0.7,0.4,0.3,0.2,1.3,0,0,0.4,21.6727349015,-17.8731542071,82
413,Justin Harper,BKN,26,5,4,1,7.0,2.6,0.8,2.0,40.0,0.8,1.8,44.4,0.2,0.4,50.0,0.0,0.2,0.2,0.0,0.4,0.2,0.0,0.6,0,0,-6.4,9.43886575477,26.878714572,37
414,Kostas Papanikolaou,DEN,25,26,8,18,11.3,2.6,0.9,2.5,36.4,0.4,1.2,31.3,0.3,0.5,64.3,0.3,1.2,1.5,0.6,0.8,0.5,0.2,0.9,0,0,-0.3,4.12525569241,8.65119666904,37
415,Adreian Payne,MIN,25,52,18,34,9.3,2.5,1.0,2.8,36.6,0.2,0.6,28.1,0.3,0.5,65.4,0.4,1.8,2.1,0.6,0.7,0.3,0.2,1.5,0,0,-2.3,5.0186104099,5.36292392355,37
416,Matt Bonner,SAS,36,30,25,5,6.9,2.5,1.0,1.9,50.9,0.5,1.1,44.1,0.1,0.1,75.0,0.1,0.8,0.9,0.3,0.1,0.2,0.0,0.5,0,0,2.1,-10.77344373,11.4947624009,37
417,Lorenzo Brown,DET,25,8,1,7,7.6,2.5,1.0,3.1,32.0,0.1,1.0,12.5,0.4,0.5,75.0,0.0,0.9,0.9,1.4,1.1,0.4,0.1,0.5,0,0,-3.8,5.13131116516,-12.1506211384,37
418,Sonny Weems,PHX,29,43,6,37,11.6,2.5,1.0,2.6,38.2,0.3,1.0,36.6,0.2,0.3,53.3,0.2,1.1,1.2,1.1,1.0,0.2,0.0,1.1,0,0,-2.3,10.5824908853,18.8386481487,37
419,Kendrick Perkins,NOP,31,37,13,24,14.6,2.5,1.1,2.0,53.3,0.0,0.0,0.0,0.3,0.7,44.0,0.7,2.8,3.5,0.8,1.1,0.3,0.3,1.7,0,0,-2.1,39.0520253636,-8.25344645808,83
420,Pablo Prigioni,LAC,39,59,37,22,13.9,2.5,0.9,2.5,37.4,0.5,1.6,29.5,0.1,0.1,87.5,0.6,1.3,1.9,2.2,0.8,0.9,0.0,1.4,0,0,-1.1,-14.1729002552,-5.65830867463,37
421,Sergey Karasev,BKN,22,40,9,31,10.0,2.4,0.8,1.9,40.5,0.3,0.9,29.7,0.7,0.7,92.9,0.2,1.3,1.5,0.9,0.6,0.2,0.1,0.7,0,0,-0.2,-18.4829934102,-8.90141051784,37
422,Jarell Eddie,WAS,24,26,13,13,5.6,2.4,0.8,2.5,30.8,0.6,1.8,31.9,0.3,0.3,100.0,0.1,0.8,0.9,0.2,0.0,0.2,0.0,0.2,0,0,-1.3,-26.1916252519,-9.7039245451,37
423,KJ McDaniels,HOU,23,37,17,20,6.4,2.4,0.8,1.9,40.3,0.2,0.7,28.0,0.6,0.8,80.0,0.4,0.7,1.1,0.3,0.5,0.2,0.2,0.8,0,0,2.0,-6.89444101296,-3.21389506207,37
424,Steve Novak,MIL,33,10,8,2,4.4,2.4,0.8,1.8,44.4,0.7,1.5,46.7,0.1,0.1,100.0,0.0,0.5,0.5,0.0,0.1,0.0,0.0,0.3,0,0,0.7,-33.3085058185,0.762396132912,65
425,Lamar Patterson,ATL,24,35,23,12,11.3,2.4,0.8,2.3,35.0,0.3,1.4,24.5,0.5,0.6,72.7,0.1,1.3,1.4,1.1,0.7,0.3,0.1,1.3,0,0,0.9,0.666729454268,-1.38641758023,37
426,Greg Smith,MIN,25,18,8,10,10.7,2.4,1.0,1.8,56.3,0.0,0.0,0.0,0.4,0.9,41.2,0.7,1.7,2.3,0.3,0.4,0.2,0.1,1.6,0,0,-4.3,41.6884647873,-7.09162048312,73
427,Jeremy Evans,DAL,28,30,16,14,8.4,2.4,0.9,1.6,54.2,0.1,0.5,25.0,0.5,0.7,71.4,0.4,1.4,1.8,0.1,0.2,0.2,0.3,0.6,0,0,-1.4,2.88750320416,-2.74969027104,82
428,Tyler Hansbrough,CHA,30,44,28,16,7.8,2.4,0.7,1.6,45.1,0.0,0.1,66.7,0.9,1.5,58.5,0.9,1.1,2.0,0.2,0.3,0.3,0.2,1.3,1,0,-0.8,-9.41758195548,39.8715395898,37
429,Edy Tavares,ATL,24,11,7,4,6.6,2.3,1.0,1.7,57.9,0.0,0.0,0.0,0.3,0.7,37.5,0.6,1.3,1.9,0.3,0.5,0.1,0.5,0.7,0,0,-0.9,44.7598931727,-5.26683142231,76
430,Damjan Rudez,MIN,30,33,9,24,8.4,2.3,0.8,1.9,40.3,0.5,1.5,34.0,0.2,0.2,100.0,0.2,0.5,0.6,0.3,0.4,0.1,0.0,1.0,0,0,-0.4,-26.7032730181,-9.19485008592,37
431,Lucas Nogueira,TOR,23,29,17,12,7.7,2.2,1.0,1.5,63.6,0.0,0.1,33.3,0.3,0.5,53.3,0.6,1.0,1.6,0.2,0.4,0.4,0.4,1.0,0,0,0.8,13.9960422184,12.8254938715,82
432,Devyn Marble,ORL,23,28,12,16,8.9,2.1,0.8,2.5,29.6,0.3,1.1,25.0,0.4,0.9,41.7,0.2,1.1,1.4,0.4,0.3,0.5,0.0,0.9,0,0,-0.5,25.911160036,16.707689794,37
433,DeJuan Blair,WAS,27,29,12,17,7.5,2.1,1.0,2.3,41.2,0.0,0.0,0.0,0.2,0.4,38.5,0.7,1.3,2.0,0.4,0.5,0.3,0.1,1.8,0,0,-1.4,42.8671097068,-3.68056496409,80
434,Nick Collison,OKC,35,59,39,20,11.9,2.1,0.8,1.8,45.9,0.0,0.0,0.0,0.4,0.6,69.7,1.2,1.7,2.9,0.9,0.8,0.3,0.3,1.8,0,0,0.4,17.1777280925,-21.4144958966,83
435,Chris Copeland,MIL,32,24,10,14,6.5,2.1,0.7,2.1,33.3,0.4,1.5,27.8,0.3,0.3,85.7,0.0,0.4,0.4,0.5,0.3,0.1,0.0,0.7,0,0,-3.3,-11.8278858287,-5.56630304336,37
436,Coty Clarke,BOS,23,3,0,3,1.9,2.0,0.7,1.3,50.0,0.7,0.7,100.0,0.0,0.0,0.0,0.0,0.3,0.3,0.0,0.3,0.0,0.0,0.0,0,0,1.3,21.5380912165,98.865429103,37
437,Chuck Hayes,LAC,33,2,1,1,11.9,2.0,0.5,1.0,50.0,0.0,0.0,0.0,1.0,1.0,100.0,0.0,4.0,4.0,1.0,1.5,0.0,0.0,3.0,0,0,-1.5,-7.66807358574,-38.5862872143,72
438,Tibor Pleiss,UTA,26,12,7,5,6.8,2.0,0.9,2.1,44.0,0.0,0.2,0.0,0.2,0.2,100.0,0.5,0.8,1.3,0.2,0.7,0.1,0.2,1.6,0,0,-1.3,-8.08081582585,-37.7669716946,37
439,Cameron Bairstow,DET,25,18,4,14,5.7,1.9,0.7,2.2,32.5,0.1,0.3,20.0,0.4,0.4,87.5,0.2,1.3,1.6,0.3,0.2,0.1,0.2,1.1,0,0,-0.4,-9.21686060928,-12.9463907736,37
440,Terry Rozier,BOS,22,39,24,15,8.0,1.8,0.7,2.7,27.4,0.2,0.7,22.2,0.2,0.3,80.0,0.6,1.0,1.6,0.9,0.5,0.2,0.0,0.6,0,0,-1.2,-4.53574104591,-6.33854948315,37
441,Jorge Gutierrez,CHA,27,12,9,3,5.3,1.8,0.5,0.9,54.5,0.0,0.2,0.0,0.8,0.9,90.9,0.0,0.6,0.6,1.4,0.5,0.3,0.0,0.3,0,0,0.7,0.118738090789,-34.1190820593,37
442,Cleanthony Early,NYK,25,17,6,11,9.0,1.8,0.7,2.4,30.0,0.2,0.9,26.7,0.2,0.2,75.0,0.2,1.3,1.5,0.4,0.5,0.1,0.2,0.9,0,0,0.0,-2.65380256855,-0.217074178582,37
443,Elijah Millsap,UTA,28,20,9,11,8.6,1.8,0.6,2.0,28.2,0.1,0.6,8.3,0.7,0.9,72.2,0.3,1.5,1.8,1.0,0.5,0.4,0.2,1.7,0,0,1.1,9.45776456159,-13.6599452323,37
444,Damien Inglis,MIL,21,20,5,15,7.8,1.8,0.7,1.9,35.1,0.2,0.7,23.1,0.4,0.4,87.5,0.1,1.5,1.6,0.5,0.6,0.3,0.2,0.6,0,0,-2.2,-10.6725178845,-10.706928346,37
445,Kevon Looney,GSW,20,5,4,1,4.1,1.8,0.8,1.4,57.1,0.2,0.4,50.0,0.0,0.0,0.0,0.8,1.2,2.0,0.0,0.2,0.0,0.0,0.4,0,0,-4.4,49.1135733663,56.6862201199,37
446,Lou Amundson,NYK,33,29,11,18,7.0,1.8,0.7,1.8,35.8,0.0,0.0,0.0,0.5,0.9,51.9,0.8,0.9,1.7,0.4,0.5,0.2,0.2,1.5,0,0,-1.7,31.4499134046,-10.3599375342,80
447,Jeff Ayres,LAC,29,17,11,6,6.3,1.8,0.7,1.4,52.2,0.0,0.1,0.0,0.4,0.4,100.0,0.2,1.1,1.3,0.3,0.4,0.0,0.2,1.1,0,0,-2.7,-7.46555397547,-38.8231996599,84
448,Elliot Williams,CHA,27,5,4,1,9.0,1.6,0.4,2.0,20.0,0.2,0.8,25.0,0.6,0.8,75.0,0.2,0.6,0.8,0.8,0.2,0.0,0.0,0.4,0,0,-0.6,-2.29985689631,-0.356821374817,37
449,Nazr Mohammed,OKC,38,5,5,0,3.9,1.6,0.6,1.0,60.0,0.0,0.0,0.0,0.4,0.4,100.0,0.2,0.6,0.8,0.0,0.6,0.0,0.0,0.8,0,0,-0.6,-7.00871883304,-39.8225182716,37
450,Shayne Whittington,IND,25,7,4,3,5.8,1.6,0.7,1.6,45.5,0.0,0.3,0.0,0.1,0.3,50.0,0.7,1.0,1.7,0.4,0.7,0.1,0.1,1.0,0,0,-0.9,33.6044058602,-10.5368928634,80
451,Udonis Haslem,MIA,36,37,25,12,7.0,1.6,0.6,1.6,37.7,0.0,0.2,11.1,0.3,0.4,78.6,0.3,1.8,2.0,0.4,0.1,0.1,0.1,0.7,0,0,-0.5,3.35646416429,-16.088093044,37
452,Russ Smith,MEM,25,15,6,9,4.4,1.5,0.5,1.5,31.8,0.1,0.3,20.0,0.5,0.9,61.5,0.1,0.5,0.6,0.7,0.5,0.3,0.1,0.3,0,0,-2.7,12.4828361667,1.40545623418,37
453,Jimmer Fredette,SAS,27,6,1,5,2.9,1.5,0.3,0.8,40.0,0.2,0.3,50.0,0.7,0.8,80.0,0.0,0.0,0.0,0.2,0.3,0.2,0.0,0.3,0,0,-4.2,-18.4154646206,14.964680103,37
454,Anthony Bennett,TOR,23,19,12,7,4.4,1.5,0.4,1.4,29.6,0.2,0.7,21.4,0.5,0.5,90.0,0.3,0.9,1.2,0.0,0.2,0.3,0.0,0.4,0,0,-1.6,-12.1201362816,-12.7956533291,37
455,Erick Green,DEN,25,9,6,3,4.7,1.4,0.6,1.4,38.5,0.1,0.6,20.0,0.2,0.2,100.0,0.3,0.3,0.7,0.3,0.0,0.1,0.0,0.4,0,0,-0.1,-19.1800595232,-20.5590003108,37
456,Mike Miller,DEN,36,47,21,26,7.9,1.3,0.5,1.3,35.5,0.4,1.1,36.5,0.0,0.0,0.0,0.1,1.0,1.1,0.9,0.4,0.3,0.1,1.1,0,0,-1.9,54.9116628811,48.318019292,37
457,Jordan Mickey,BOS,21,16,9,7,3.6,1.3,0.5,1.4,36.4,0.0,0.0,0.0,0.3,0.6,50.0,0.4,0.4,0.8,0.1,0.1,0.0,0.7,0.3,0,0,0.4,33.0541606327,-9.39858558726,85
458,Mitch McGary,OKC,24,20,17,3,3.6,1.3,0.6,1.2,47.8,0.0,0.2,0.0,0.2,0.5,40.0,0.2,0.7,0.9,0.2,0.4,0.1,0.1,0.5,0,0,-2.5,42.1629300869,-5.34620746934,80
459,Cliff Alexander,POR,20,8,3,5,4.5,1.3,0.6,1.3,50.0,0.0,0.0,0.0,0.0,0.0,0.0,0.3,0.5,0.8,0.0,0.1,0.1,0.3,0.1,0,0,-1.6,75.5473257241,16.3169114647,80
460,Keith Appling,ORL,24,5,0,5,5.4,1.2,0.4,1.6,25.0,0.0,0.6,0.0,0.4,0.4,100.0,0.0,0.2,0.2,0.2,0.6,0.2,0.0,1.0,0,0,2.8,-9.36337424182,-35.3513152507,37
461,Luis Montero,POR,23,12,6,6,3.5,1.2,0.4,1.6,26.3,0.1,0.8,11.1,0.3,0.3,75.0,0.0,0.3,0.3,0.1,0.3,0.0,0.0,0.1,0,0,-3.3,5.73500660677,-12.6266963081,37
462,Pat Connaughton,POR,23,34,17,17,4.2,1.1,0.4,1.4,26.5,0.1,0.6,23.8,0.1,0.1,100.0,0.3,0.6,0.9,0.3,0.3,0.1,0.0,0.2,0,0,-0.4,-21.9546106599,-15.9046461231,37
463,Eric Moreland,SAC,24,8,1,7,5.9,1.0,0.4,0.8,50.0,0.0,0.0,0.0,0.3,0.5,50.0,0.4,1.0,1.4,0.1,0.4,0.0,0.5,0.5,0,0,0.8,33.9220322557,-11.1399186459,73
464,James Young,BOS,20,29,12,17,6.9,1.0,0.4,1.2,30.6,0.2,0.9,23.1,0.0,0.1,25.0,0.1,0.8,0.9,0.3,0.2,0.2,0.0,0.6,0,0,-0.9,41.0506596315,24.1512470348,37
465,Jarnell Stokes,MEM,22,7,1,6,2.7,1.0,0.4,0.7,60.0,0.0,0.0,0.0,0.1,0.3,50.0,0.1,0.4,0.6,0.1,0.0,0.1,0.0,0.1,0,0,1.3,34.5325242377,-12.3950200787,80
466,Bryce Cotton,MEM,23,8,1,7,4.8,1.0,0.5,1.3,40.0,0.0,0.4,0.0,0.0,0.0,0.0,0.0,0.0,0.0,0.4,0.6,0.4,0.0,0.3,0,0,-3.0,74.941501184,17.6141719425,37
467,Joel Anthony,DET,33,19,12,7,5.0,0.9,0.3,0.5,60.0,0.0,0.0,0.0,0.3,0.4,75.0,0.4,0.7,1.1,0.1,0.1,0.1,0.6,0.8,0,0,-0.9,13.8424641181,-26.1221299001,73
468,Sasha Kaun,CLE,31,25,18,7,3.8,0.9,0.4,0.7,52.9,0.0,0.0,0.0,0.2,0.4,45.5,0.5,0.6,1.0,0.1,0.3,0.2,0.2,0.4,0,0,-0.2,37.8894750279,-9.03255622553,85
469,Aaron Harrison,CHA,21,21,15,6,4.4,0.9,0.2,0.9,26.3,0.1,0.5,30.0,0.2,0.6,41.7,0.2,0.5,0.7,0.1,0.2,0.3,0.0,0.5,0,0,-0.3,23.2146722049,21.2044211249,37
470,Branden Dawson,LAC,23,6,5,1,4.8,0.8,0.3,0.8,40.0,0.0,0.0,0.0,0.2,0.2,100.0,0.3,0.3,0.7,0.0,0.0,0.0,0.2,0.3,0,0,-2.5,-8.13139612518,-37.2864956998,37
471,Joe Harris,CLE,24,5,5,0,3.0,0.6,0.2,0.8,25.0,0.2,0.8,25.0,0.0,0.0,0.0,0.0,0.6,0.6,0.4,0.2,0.0,0.0,0.2,0,0,-4.2,60.6298024172,40.1418456258,37
472,Bruno Caboclo,TOR,20,6,6,0,7.1,0.5,0.2,2.0,8.3,0.2,1.2,14.3,0.0,0.0,0.0,0.2,0.2,0.3,0.2,0.7,0.3,0.2,0.3,0,0,-1.3,65.1392499723,33.4623062439,37
473,Nate Robinson,NOP,32,2,0,2,11.6,0.0,0.0,0.5,0.0,0.0,0.5,0.0,0.0,0.0,0.0,0.0,0.0,0.0,2.0,0.0,0.5,0.0,2.5,0,0,-10.0,72.7660998742,22.6946072679,37
474,JJ O'Brien,UTA,24,2,2,0,3.1,0.0,0.0,0.5,0.0,0.0,0.0,0.0,0.0,0.0,0.0,0.0,0.5,0.5,0.0,0.0,0.5,0.0,0.5,0,0,-4.0,72.6441973415,22.6456440392,86
475,Sam Dekker,HOU,22,3,1,2,2.0,0.0,0.0,0.0,0.0,0.0,0.0,0.0,0.0,0.0,0.0,0.0,0.3,0.3,0.0,0.0,0.3,0.0,0.0,0,0,-0.7,72.5794972335,22.6316522537,86
